experiment	biosample	pl_reads	mn_reads	total_reads	profile_jsd	log_counts_pearson
ENCSR882DWM	K562	14206466	13712815	27919281	0.4542483942849295	0.18832648439066751
ENCSR114HGS	K562	14050011	13555473	27605484	0.4540332981518337	0.21191887770380294
ENCSR165QKR	HCT116	23269890	23011302	46281192	0.2945367140429361	0.7142216903822762
ENCSR197JLW	HCT116	12336819	12177545	24514364	0.3348867382322039	0.6670076591627938
ENCSR100EDZ	HCT116	16717966	16451256	33169222	0.3133337157113211	0.7452107071876526
ENCSR273ORE	HCT116	12736337	12624400	25360737	0.3006622152669089	0.6821546980312893
ENCSR124RWD	right ventricle myocardium	14953970	14891106	29845076	0.3505801430770329	0.7203302213123867
ENCSR178XKL	WTC11	13033808	12865387	25899195	0.3450378860746111	0.7119389857564654
ENCSR720EXP	Metastatic Liver Carcinoma in the Lung	6513897	6450310	12964207	0.34127381443977356	0.6696523002215794
ENCSR753TEA	liver	10521242	10492244	21013486	0.3621230551174709	0.6600207345826286
ENCSR961UBB	heart left ventricle	15384209	15366492	30750701	0.3400088974407741	0.7422858391489301
ENCSR796JNK	LUHMES	10599224	10538882	21138106	0.3665646357195718	0.7522597823824201
ENCSR784YIV	colonic mucosa	17572346	17274225	34846571	0.363432982138225	0.7355915904045105
ENCSR478DAN	upper lobe of left lung	7105531	6970276	14075807	0.3572250689779009	0.6924897091729301
ENCSR666GXV	Colon Carcinoma Metastatic in the Lung	9526627	9520623	19047250	0.3467486926487514	0.7085924233709063
ENCSR520PUD	HEK293	27272668	27077407	54350075	0.29406709330422537	0.7653910006795611
ENCSR417NJC	spleen	15400338	15280531	30680869	0.37393045851162504	0.7156560250691005
ENCSR215OJB	GM23338	32476128	32029565	64505693	0.3390945153576987	0.7304480160985675
ENCSR053UMZ	cerebellum	4625900	4872158	9498058	0.38448917865753174	0.66673344373703
ENCSR867EQV	HCT116	22762321	22463344	45225665	0.33604203377451214	0.7027056813240051
ENCSR386RDW	subcutaneous adipose tissue	15074771	15024944	30099715	0.35976971473012653	0.7172441823141915
ENCSR694RPO	right lobe of liver	15874668	15889142	31763810	0.3952199476105826	0.6261612858091082
ENCSR248SVP	osteocyte	11009266	10805026	21814292	0.3302087187767029	0.6562779034887042
ENCSR992HBP	right lobe of liver	16289889	16234832	32524721	0.3643316498824528	0.6856600557054792
ENCSR967RHN	lower lobe of left lung	20432390	20018027	40450417	0.3727764827864511	0.779864856175014
ENCSR757HMG	Peyer's patch	20538978	20244072	40783050	0.35670610836574007	0.7118852479117257
ENCSR983JFU	REH cell	23828774	23734614	47563388	0.34778185401644024	0.6032715780394418
ENCSR644TYW	Colon Carcinoma Metastatic in the Brain	4465900	4418375	8884275	0.35639127237456186	0.6122465559414455
ENCSR542IVL	testis	15904632	15814513	31719145	0.3573285639286041	0.7788395541054862
ENCSR821MIF	spleen	10515610	10483569	20999179	0.37903352294649395	0.7423045550073896
ENCSR970ACM	adrenal gland	13091878	12697201	25789079	0.3654487601348332	0.7111986449786595
ENCSR484CAZ	cardiac septum	14777422	14553235	29330657	0.372659478868757	0.7038842780249459
ENCSR074XYR	Colon Carcinoma Metastatic in the Brain	6929194	6884825	13814019	0.35410782269069124	0.628930423940931
ENCSR636RVF	skeletal muscle tissue	14919780	15074554	29994334	0.3623961423124586	0.5797378676278251
ENCSR122BHP	colic lymph node	15258030	15194316	30452346	0.36291914752551485	0.6578532712800162
ENCSR282COG	gallbladder	15125994	14875961	30001955	0.35282549262046814	0.6992629766464233
ENCSR618ZHM	ileum	12221804	11992767	24214571	0.3552362152508327	0.6911297355379377
ENCSR940QKZ	ovary	27743506	27955404	55698910	0.34163117834499906	0.717068442276546
ENCSR093JST	monocyte	14479519	14167944	28647463	0.43026537128857206	0.5281814762524196
ENCSR331QXJ	Colon Carcinoma Metastatic in the Lung	6360063	6309578	12669641	0.3519159598009927	0.6263896737779889
ENCSR575NNF	right lobe of liver	15695265	15515577	31210842	0.37994816047804697	0.6577553493635995
ENCSR915VCN	cerebral cortex	15870985	15931140	31802125	0.3703676334449223	0.7610491939953395
ENCSR766KPR	ovary	19463689	19567371	39031060	0.33524601800101145	0.6987059882708958
ENCSR399LAD	uterus	23837597	23934526	47772123	0.3332455711705344	0.7131183828626361
ENCSR756CCD	thyroid gland	20201961	19861679	40063640	0.34744144337517874	0.6902092950684684
ENCSR023NXW	right common carotid artery plus branches	23962780	24081336	48044116	0.3626345012869154	0.7061463849885123
ENCSR266TET	bronchial lymph node	23050822	22905373	45956195	0.3555568073477064	0.6960841928209577
ENCSR045XAW	urinary bladder	13523667	13330415	26854082	0.3551341252667563	0.6909412826810565
ENCSR934ZMQ	Metastatic Breast Carcinoma in the Ovary	13902789	13810993	27713782	0.338976046868733	0.7345631633486066
ENCSR118KGX	T-cell	8673170	8576792	17249962	0.36163500377110075	0.5578935699803489
ENCSR296MTV	left common carotid artery plus branches	3933309	3778037	7711346	0.3752805292606354	0.5881552185331073
ENCSR212GWU	breast	8005118	7983628	15988746	0.33386086991855074	0.6735731448446002
ENCSR408RHY	adrenal gland	15990787	15778082	31768869	0.34713285309927805	0.7257570709500994
ENCSR594WJV	cytotoxic T cell	9664562	9636694	19301256	0.3918001481464931	0.6137966769082206
ENCSR797AOQ	spleen	16390851	16276976	32667827	0.35572412610054016	0.701055245740073
ENCSR675RBN	cerebral cortex	104025	103617	207642	0.4753269851207733	0.2597771148596491
ENCSR812JCT	heart left ventricle	14493863	14384436	28878299	0.4205249420234135	0.7303292921611241
ENCSR740DLY	peripheral blood mononuclear cell	14572259	14485244	29057503	0.428893723658153	0.67373354945864
ENCSR964OON	sternocleidomastoid	13716878	13571390	27288268	0.33897667271750315	0.7295325228146144
ENCSR883PPD	right cardiac atrium	13148884	13051698	26200582	0.3489611106259482	0.7396177308900016
ENCSR784FKF	vermiform appendix	15916051	15701305	31617356	0.3598986140319279	0.7319282719067165
ENCSR273JQN	HCT116	27431155	27047478	54478633	0.29673563156809124	0.718673757144383
ENCSR074XOP	HCT116	24767749	24520430	49288179	0.3000181402478899	0.7273651957511902
ENCSR635SXX	HCT116	19661538	19447898	39109436	0.3003819499697004	0.7222742353166852
ENCSR990FJB	HCT116	17262232	17074540	34336772	0.2997104525566101	0.705039552279881
ENCSR261OWE	HCT116	17421587	17188183	34609770	0.29559324043137686	0.7028742006846836
ENCSR932TRR	HCT116	16534624	16316522	32851146	0.3338193765708378	0.750333947794778
ENCSR604EBH	K562	7133512	7066991	14200503	0.32895831550870624	0.6600561482565743
ENCSR124AWE	SUDHL5	9170046	9121455	18291501	0.36606512325150625	0.5489228027207511
ENCSR548GOG	stomach	14233803	13953078	28186881	0.3658313112599509	0.7270939690726144
ENCSR973QQI	ReNcell CX	8793246	8681793	17475039	0.35851200563567026	0.7144058261598859
ENCSR473KVF	HEK293T	30594669	30793702	61388371	0.30333160928317476	0.7451781800815037
ENCSR382HFH	peripheral blood mononuclear cell	10582528	10353550	20936078	0.4253937942641122	0.6527122344289508
ENCSR624CVP	peritoneum	1156851	1123200	2280051	0.4484068240438189	0.5857637013707843
ENCSR575EOB	Metastatic Breast Carcinoma in the Brain	9866497	9624274	19490771	0.3627701359135764	0.6901483876364571
ENCSR701MOE	T-cell	9305776	9164848	18470624	0.3597057206290109	0.5341344262872424
ENCSR657PSE	aorta	4515745	4392855	8908600	0.3796941339969635	0.6559430190495082
ENCSR472ETC	fallopian tube	21885831	21883008	43768839	0.3665451151984079	0.7437004361833844
ENCSR077MAX	tibial nerve	10056889	10104472	20161361	0.35678090367998394	0.6845811860901969
ENCSR426RMA	heart left ventricle	9553430	9459220	19012650	0.37727198004722595	0.7568600603512355
ENCSR489FZB	T-cell	27432493	27321962	54754455	0.4020667331559317	0.6758417061397007
ENCSR683FOJ	mesenteric fat pad	1880710	1848181	3728891	0.38332649213927134	0.5631098747253418
ENCSR683YVU	helper T cell	16771463	16768949	33540412	0.3448296700205122	0.573834125484739
ENCSR574ZMF	ovary	27075701	27295213	54370914	0.3398002215794155	0.7104724219867161
ENCSR245UIS	Karpas-422	4857682	4690543	9548225	0.409642402614866	0.5388074517250061
ENCSR836XBB	rectum	42238114	41486806	83724920	0.3496223177228655	0.7426614420754569
ENCSR526QVD	ureter	10390867	10284852	20675719	0.3619095470224108	0.6835411787033081
ENCSR876AEQ	Metastatic Liver Carcinoma in the Adrenal Gland	7646145	7772784	15418929	0.36099221450941904	0.6237414734704154
ENCSR229XTQ	skeletal muscle tissue	3858395	3754710	7613105	0.34974690846034456	0.6507187059947422
ENCSR659YNL	left lung	17516233	17175232	34691465	0.4187352955341339	0.7975202628544399
ENCSR282IJP	neutrophil	2631412	2579807	5211219	0.402498402765819	0.42435454045023235
ENCSR888DKJ	Metastatic Breast Carcinoma in the Brain	4389130	4357006	8746136	0.35854868377958027	0.6232137509754726
ENCSR754LBG	duodenum	10727656	10479499	21207155	0.3561878374644688	0.693875891821725
ENCSR250REI	peripheral blood mononuclear cell	15523270	15397511	30920781	0.39404877594539095	0.7099657484463283
ENCSR180NBV	Metastatic Breast Carcinoma in the Brain	5187687	5114922	10302609	0.36509352922439575	0.6462163925170898
ENCSR739MOQ	body of pancreas	14797231	14634265	29431496	0.3518545499869755	0.6878138525145394
ENCSR117JKC	trachea	13552409	13339788	26892197	0.3371869112764086	0.7079790830612183
ENCSR008TSD	Metastatic Breast Carcinoma in the Brain	17170487	16776867	33947354	0.33947055680411203	0.7019469652857099
ENCSR723JIC	peripheral blood mononuclear cell	15596966	15387396	30984362	0.43021691271236967	0.6840707319123405
ENCSR980TGS	Metastatic Breast Carcinoma in the Brain	16620442	16451044	33071486	0.36869641286986216	0.7177858097212655
ENCSR083AMN	B cell	24680772	24569438	49250210	0.36378410032817293	0.6561551434653146
ENCSR756TPG	K562	6471366	6274739	12746105	0.4542275922639029	0.5446999073028564
ENCSR089CQL	T-cell	12721332	12442342	25163674	0.3431398059640612	0.5288678577968052
ENCSR294JPW	left ventricle myocardium	14573483	14480743	29054226	0.3550539144447872	0.7043671607971191
ENCSR321WCE	neural crest cell	18358744	18140318	36499062	0.322474296603884	0.6722088711602348
ENCSR357VUN	ovary	42775018	42895612	85670630	0.33849466698510305	0.7242012960570199
ENCSR393PGX	breast epithelium	7273495	7148872	14422367	0.35190260836056303	0.6691594890185765
ENCSR489BCG	pancreas	16751628	16491643	33243271	0.3422642648220062	0.7292262400899615
ENCSR243MVI	liver	3650765	3659345	7310110	0.3807811737060547	0.6050315754754203
ENCSR104MSL	pancreas	8003230	7921625	15924855	0.3996660155909402	0.7359203781400409
ENCSR928ZWP	lower leg skin	16358801	16223756	32582557	0.3580678871699742	0.7362094691821507
ENCSR331UGM	liver	25809699	25873850	51683549	0.37087090952055796	0.6971822806767055
ENCSR149WMX	Metastatic Liver Carcinoma in the Lung	10041076	9983443	20024519	0.356075508253915	0.6790467841284615
ENCSR633OWM	pulmonary lymph node	15908233	15828260	31736493	0.34953089697020395	0.6847850254603794
ENCSR384HWB	ascending aorta	5311053	5191447	10502500	0.3628142178058624	0.5637448515210833
ENCSR347PQY	upper lobe of left lung	9758696	9813768	19572464	0.3571239028658186	0.6251888615744454
ENCSR335ZMZ	OCI-LY7	9604955	9559605	19164560	0.3321339317730495	0.6736065319606236
ENCSR657RPS	uterus	13811824	13782224	27594048	0.35502122555460247	0.7133714812142509
ENCSR149ZRX	K562	5687168	5529695	11216863	0.46453256266457693	0.5291708409786224
ENCSR834OVY	peripheral blood mononuclear cell	14431245	14291395	28722640	0.4274744263717106	0.7053114090647016
ENCSR262PWK	type B pancreatic cell	10415317	10175176	20590493	0.36992053048951284	0.715821521622794
ENCSR300AAD	Metastatic Liver Carcinoma in the Adrenal Gland	5324312	5423378	10747690	0.3692090596471514	0.5820680686405727
ENCSR900SLO	HCT116	19826257	19646586	39472843	0.3010287455150059	0.7225985271590096
ENCSR687HZX	Metastatic Breast Carcinoma in the Brain	25966959	25917864	51884823	0.36509295446532114	0.6986517650740487
ENCSR997YHR	lung	3885366	3770140	7655506	0.39473236884389606	0.6911635909761701
ENCSR744JVA	pancreas	17943314	17609472	35552786	0.374863862991333	0.7542334880147662
ENCSR338WJS	pancreas	16806356	16556327	33362683	0.34548209394727436	0.7094730479376656
ENCSR407CCJ	cerebellum	3358206	3478325	6836531	0.36698744552476065	0.6115276302610125
ENCSR155NVW	penis	11794123	11591903	23386026	0.33764855350766865	0.7263479658535549
ENCSR305RPP	testis	15383610	15368061	30751671	0.34758242538997103	0.777789660862514
ENCSR290MPW	heart left ventricle	14591287	14408222	28999509	0.37491355197770254	0.7032162547111511
ENCSR219NJB	spleen	26839803	27080278	53920081	0.37892651557922363	0.7626015969685146
ENCSR219QKX	heart right ventricle	12176402	12140285	24316687	0.35160653931753977	0.7227992585727147
ENCSR656ZDH	heart left ventricle	15160113	15083411	30243524	0.34276342391967773	0.7338912487030029
ENCSR065NDB	T-cell	14413931	14317643	28731574	0.3455160175051008	0.5925083756446838
ENCSR769SLJ	transverse colon	20451415	20077640	40529055	0.35081756114959717	0.7269941823823112
ENCSR069DQH	cytotoxic T cell	20673261	20577567	41250828	0.388102833713804	0.6404561230114528
ENCSR617JRP	Metastatic Breast Carcinoma in the Ovary	10273763	10205708	20479471	0.367351587329592	0.7070674044745309
ENCSR100PNA	paraaortic lymph node	15472725	15342014	30814739	0.33785176277160645	0.6998625908579145
ENCSR065QHA	left lobe of liver	15221015	15064622	30285637	0.38325975622449604	0.6354952113968986
ENCSR233GRN	bronchus	18464442	18336495	36800937	0.35870892660958426	0.7376727036067418
ENCSR997INZ	right atrium auricular region	18677406	18581491	37258897	0.3674611066068922	0.67548006772995
ENCSR431MXP	thyroid gland	16339496	16181976	32521472	0.352263297353472	0.7326839055333819
ENCSR255MUU	progenitor cell of endocrine pancreas	13854735	13624071	27478806	0.3079011057104383	0.6393792033195496
ENCSR673CJC	Metastatic Lung Carcinoma in the Adrenal Gland	9027296	8942767	17970063	0.33851597564561026	0.6886288693972996
ENCSR946MDO	gastroesophageal sphincter	15912618	15827697	31740315	0.3652671149798802	0.6831781182970319
ENCSR841GXY	monocyte	15293249	14685774	29979023	0.42506938321249826	0.5073887705802917
ENCSR296XBI	T-cell	17096353	16992460	34088813	0.37596501622881207	0.6083382878984723
ENCSR072JHG	liver	15374783	15340261	30715044	0.37010575192315237	0.5949359791619437
ENCSR883HAT	uterus	17955212	17847493	35802705	0.3440160070146833	0.7348858969552177
ENCSR360MUR	HCT116	20753793	20496400	41250193	0.2935181472982679	0.7171465839658465
ENCSR871CUV	HCT116	13846001	13666830	27512831	0.3130674021584647	0.6965394956724984
ENCSR676YGJ	heart left ventricle	16110665	15922311	32032976	0.3621223909514291	0.6832365138190133
ENCSR571OAW	mesothelial cell of epicardium	2819612	2728969	5548581	0.40330505796841215	0.606897371155875
ENCSR632XIZ	skeletal muscle tissue	7666351	7521716	15188067	0.38168712173189434	0.6081136550222125
ENCSR179FHG	sigmoid colon	3202815	3120987	6323802	0.3656575083732605	0.5077364827905383
ENCSR246YHR	esophagus muscularis mucosa	21375172	21286948	42662120	0.36804562381335665	0.7133245723588126
ENCSR353ZXW	SP-49	3258200	3180257	6438457	0.3963202748979841	0.508242951972144
ENCSR845LKT	right lobe of liver	15448618	15367876	30816494	0.4606099171297891	0.6355589287621635
ENCSR794VAJ	sciatic nerve	27824448	27694434	55518882	0.33829199842044283	0.7684935671942574
ENCSR610POV	Metastatic Breast Carcinoma in the Brain	13493039	13347890	26840929	0.34987805570874897	0.7176115342548915
ENCSR220OLX	left colon	13818491	13588311	27406802	0.3716954120567867	0.7175109727042062
ENCSR966RLG	HCT116	4524985	4455598	8980583	0.41689606649535044	0.7240773609706334
ENCSR342WAR	neuron	25178368	24747047	49925415	0.3047782778739929	0.6839609571865627
ENCSR956DBV	suprapubic skin	6192622	6018422	12211044	0.35676450388772146	0.6553483605384827
ENCSR482XCK	ovary	38705970	38051894	76757864	0.3264499306678772	0.7223878162247794
ENCSR516KII	astrocyte	5380616	5325461	10706077	0.4807667817388262	0.7360865133149284
ENCSR280NVT	vagina	22513313	22530275	45043588	0.3573629345212664	0.7314313309533256
ENCSR245HPE	psoas muscle	7629451	7630450	15259901	0.40305074623652865	0.6433870111192975
ENCSR889QVM	ovary	14127307	14206260	28333567	0.325133353471756	0.683736332825252
ENCSR712UDA	peripheral blood mononuclear cell	12155698	12045172	24200870	0.3534401570047651	0.6545301335198539
ENCSR926PFT	omental fat pad	359387	348789	708176	0.4527625100953238	0.37750559619494845
ENCSR679CMZ	testis	14939053	14798064	29737117	0.3411433185849871	0.7472526601382664
ENCSR642TRG	tibial artery	15078456	14982218	30060674	0.36718943289348055	0.6694703698158264
ENCSR723NVI	T-cell	10127665	9994659	20122324	0.36563776220594135	0.5837671416146415
ENCSR175VMO	Metastatic Pancreatic Carcinoma in the Ovary	9024520	8776136	17800656	0.34713906049728394	0.6434184568268912
ENCSR718AQM	HCT116	5672242	5545962	11218204	0.4250169055802481	0.6845626660755703
ENCSR516YGD	adrenal gland	19653071	19228498	38881569	0.37084209067480906	0.7287296908242362
ENCSR015HKC	uterus	20260009	20423889	40683898	0.35265620265688213	0.6961752687181745
ENCSR359PWL	H9	26309892	25827092	52136984	0.32724447761263165	0.6986847179276603
ENCSR845TMF	prostate gland	21465227	21536700	43001927	0.35365213666643414	0.7451580081667218
ENCSR222JNI	endothelial cell	25656162	25405458	51061620	0.33210836563791546	0.7009202071598598
ENCSR216FUJ	Metastatic Breast Carcinoma in the Brain	15648996	15317759	30966755	0.3706895794187273	0.7155513507979256
ENCSR889PCF	bile duct	15433228	15408599	30841827	0.3671512518610273	0.7388315626553127
ENCSR153AON	esophagus squamous epithelium	22523414	22302170	44825584	0.36488112807273865	0.7286906327520098
ENCSR436JXW	Metastatic Breast Carcinoma in the Brain	6185623	6232187	12417810	0.35742635812078205	0.6216149926185608
ENCSR660UDB	kidney	15227345	15071967	30299312	0.36963567989213125	0.7529590896197728
ENCSR235BZZ	gastrocnemius medialis	14339443	14285313	28624756	0.3728797904082707	0.6394280876432147
ENCSR216UNW	lower lobe of left lung	19993181	19575197	39568378	0.4304386760507311	0.794851405279977
ENCSR813CRU	Metastatic Breast Carcinoma in the Brain	13662570	13470880	27133450	0.35071930289268494	0.705208923135485
ENCSR829KWG	natural killer cell	12691822	12548309	25240131	0.35246334757123676	0.5891440085002354
ENCSR380VKC	heart right ventricle	14796671	14549574	29346245	0.36290071266038076	0.7026432156562805
ENCSR220XSM	K562	22171427	21930403	44101830	0.33290392586163114	0.7427520155906677
ENCSR733DAS	HEK293T	33559859	33720487	67280346	0.3073262487139021	0.7450757367270333
ENCSR269FMG	liver	15824525	15640841	31465366	0.3879389081682478	0.6381520118032183
ENCSR995FAO	mucosa of descending colon	16105129	15881790	31986919	0.35952585084097727	0.7216643180165973
ENCSR443GRP	endodermal cell	17221162	16947883	34169045	0.3433024414948055	0.6886190176010132
ENCSR881RXX	anterior vena cava	10590010	10378529	20968539	0.3357731103897095	0.7014983892440796
ENCSR944DTY	SEM	16345322	16100426	32445748	0.3494801436151777	0.6123896241188049
ENCSR270EGA	left cardiac atrium	9700394	9600925	19301319	0.34567129611968994	0.7140441111155919
ENCSR368ARY	pulmonary artery	6845863	6658725	13504588	0.3478720017841884	0.6617526667458671
ENCSR521BLL	psoas muscle	7639494	7695919	15335413	0.36205683861460003	0.5732039979525975
ENCSR062QYF	cerebellum	23591993	23800540	47392533	0.3107925185135433	0.6821736523083278
ENCSR526XOQ	NALM6	17752759	17677095	35429854	0.3609726982457297	0.6321652446474347
ENCSR386UFU	peripheral blood mononuclear cell	11792912	11604646	23397558	0.4199561136109488	0.6667695726667132
ENCSR795NHV	peripheral blood mononuclear cell	5140752	5101656	10242408	0.414886793919972	0.6905528136662075
ENCSR255VLW	jejunum	15334201	15064779	30398980	0.3596407558236803	0.7260951144354684
ENCSR087CGY	ovary	21159777	21318517	42478294	0.3404194244316646	0.716828967843737
ENCSR374RDU	breast	10287080	10304383	20591463	0.34411586608205524	0.6981295687811715
ENCSR219IHS	A549	4575957	4482460	9058417	0.3571908048221043	0.6766483272824969
ENCSR683YIA	Pfeiffer	12466761	12456240	24923001	0.35188845651490347	0.5302185586520604
ENCSR810UBG	Metastatic Breast Carcinoma in the Ovary	13260645	13310089	26570734	0.3725308265004839	0.660784125328064
ENCSR959JOB	right ventricle myocardium	14651837	14547991	29199828	0.3563101291656494	0.7238162926265171
ENCSR431OQI	parotid gland	7157674	7258828	14416502	0.3512208163738251	0.5927641987800598
ENCSR353JON	spinal cord	112859	114433	227292	0.45410641602107454	0.24160052410193852
ENCSR374OGG	pancreas	16096336	15798564	31894900	0.356783641236169	0.7309696504047939
ENCSR528FMA	helper T cell	26238050	26053709	52291759	0.3445937420640673	0.5736035449164254
ENCSR500IHG	breast	11208000	10996778	22204778	0.3481072017124721	0.7056587082999093
ENCSR098LLB	endothelial cell of umbilical vein	15692384	15581835	31274219	0.3269974631922586	0.6952759282929557
ENCSR046BCI	A673	18257871	17978342	36236213	0.34078056471688406	0.7158496465001788
ENCSR935RNW	Calu3	23221800	22848269	46070069	0.32434776425361633	0.6993170721190316
ENCSR799DGV	MCF 10A	46145728	46257993	92403721	0.326138687985284	0.7481570073536464
ENCSR261KBX	K562	9605200	9505498	19110698	0.3334742358752659	0.6705612625394549
ENCSR100LIJ	Caco-2	21378407	21184659	42563066	0.3164649946349008	0.7043564319610596
