experiment	biosample	overall_flag	read_flag	is_perturbation	is_perturbation_treated	is_perturbation_untreated	is_uncapped	flags	total_reads	pl_reads	mn_reads	perturbation_keywords	perturbation_fields	treatment_keywords	treatment_fields	uncapped_fields	reasons
ENCSR882DWM	K562	red	green	false	false	false	true	red_uncapped	27919281	14206466	13712815		{}		{}	"{""description"": [""uncapped""], ""library_construction"": [""uncapped""]}"	"[{""fields"": {""description"": [""uncapped""], ""library_construction"": [""uncapped""]}, ""flag"": ""red"", ""reason"": ""uncapped experiment"", ""rule"": ""metadata contains uncapped""}]"
ENCSR114HGS	K562	red	green	false	false	false	true	red_uncapped	27605484	14050011	13555473		{}		{}	"{""description"": [""uncapped""], ""library_construction"": [""uncapped""]}"	"[{""fields"": {""description"": [""uncapped""], ""library_construction"": [""uncapped""]}, ""flag"": ""red"", ""reason"": ""uncapped experiment"", ""rule"": ""metadata contains uncapped""}]"
ENCSR165QKR	HCT116	green	green	true	false	true	false	perturbation_untreated	46281192	23269890	23011302	crispr;genetically modified	"{""biosample_summary"": [""crispr"", ""genetically modified""]}"		{}	{}	"[{""fields"": {""biosample_summary"": [""crispr"", ""genetically modified""]}, ""flag"": ""perturb"", ""reason"": ""metadata matched genetic-perturbation keywords with no active-treatment keyword: crispr, genetically modified"", ""rule"": ""metadata perturbation keyword match""}]"
ENCSR197JLW	HCT116	green	green	true	true	false	false	perturbation_treated	24514364	12336819	12177545	crispr;genetically modified	"{""biosample_summary"": [""crispr"", ""genetically modified""]}"	5-phenyl;indole-3-acetic acid;treated	"{""biosample_summary"": [""5-phenyl"", ""indole-3-acetic acid"", ""treated""]}"	{}	"[{""fields"": {""biosample_summary"": [""5-phenyl"", ""indole-3-acetic acid"", ""treated""]}, ""flag"": ""perturb"", ""reason"": ""metadata matched active-treatment keywords: 5-phenyl, indole-3-acetic acid, treated"", ""rule"": ""metadata treatment keyword match""}]"
ENCSR100EDZ	HCT116	green	green	true	true	false	false	perturbation_treated	33169222	16717966	16451256	crispr;genetically modified	"{""biosample_summary"": [""crispr"", ""genetically modified""]}"	5-phenyl;indole-3-acetic acid;treated	"{""biosample_summary"": [""5-phenyl"", ""indole-3-acetic acid"", ""treated""]}"	{}	"[{""fields"": {""biosample_summary"": [""5-phenyl"", ""indole-3-acetic acid"", ""treated""]}, ""flag"": ""perturb"", ""reason"": ""metadata matched active-treatment keywords: 5-phenyl, indole-3-acetic acid, treated"", ""rule"": ""metadata treatment keyword match""}]"
ENCSR273ORE	HCT116	green	green	true	true	false	false	perturbation_treated	25360737	12736337	12624400	crispr;genetically modified	"{""biosample_summary"": [""crispr"", ""genetically modified""]}"	5-phenyl;indole-3-acetic acid;treated	"{""biosample_summary"": [""5-phenyl"", ""indole-3-acetic acid"", ""treated""]}"	{}	"[{""fields"": {""biosample_summary"": [""5-phenyl"", ""indole-3-acetic acid"", ""treated""]}, ""flag"": ""perturb"", ""reason"": ""metadata matched active-treatment keywords: 5-phenyl, indole-3-acetic acid, treated"", ""rule"": ""metadata treatment keyword match""}]"
ENCSR124RWD	right ventricle myocardium	green	green	false	false	false	false	green	29845076	14953970	14891106		{}		{}	{}	
ENCSR178XKL	WTC11	green	green	false	false	false	false	green	25899195	13033808	12865387		{}		{}	{}	
ENCSR720EXP	Metastatic Liver Carcinoma in the Lung	yellow	yellow	false	false	false	false	yellow_low_reads	12964207	6513897	6450310		{}		{}	{}	"[{""flag"": ""yellow"", ""reason"": ""total reads 12,964,207 < 20,000,000"", ""rule"": ""total_reads < yellow_read_threshold"", ""threshold"": 20000000, ""value"": 12964207}]"
ENCSR753TEA	liver	green	green	false	false	false	false	green	21013486	10521242	10492244		{}		{}	{}	
ENCSR961UBB	heart left ventricle	green	green	false	false	false	false	green	30750701	15384209	15366492		{}		{}	{}	
ENCSR796JNK	LUHMES	green	green	false	false	false	false	green	21138106	10599224	10538882		{}		{}	{}	
ENCSR784YIV	colonic mucosa	green	green	false	false	false	false	green	34846571	17572346	17274225		{}		{}	{}	
ENCSR478DAN	upper lobe of left lung	yellow	yellow	false	false	false	false	yellow_low_reads	14075807	7105531	6970276		{}		{}	{}	"[{""flag"": ""yellow"", ""reason"": ""total reads 14,075,807 < 20,000,000"", ""rule"": ""total_reads < yellow_read_threshold"", ""threshold"": 20000000, ""value"": 14075807}]"
ENCSR666GXV	Colon Carcinoma Metastatic in the Lung	yellow	yellow	false	false	false	false	yellow_low_reads	19047250	9526627	9520623		{}		{}	{}	"[{""flag"": ""yellow"", ""reason"": ""total reads 19,047,250 < 20,000,000"", ""rule"": ""total_reads < yellow_read_threshold"", ""threshold"": 20000000, ""value"": 19047250}]"
ENCSR520PUD	HEK293	green	green	false	false	false	false	green	54350075	27272668	27077407		{}		{}	{}	
ENCSR417NJC	spleen	green	green	false	false	false	false	green	30680869	15400338	15280531		{}		{}	{}	
ENCSR215OJB	GM23338	green	green	false	false	false	false	green	64505693	32476128	32029565		{}		{}	{}	
ENCSR053UMZ	cerebellum	red	red	false	false	false	false	red_low_reads	9498058	4625900	4872158		{}		{}	{}	"[{""flag"": ""red"", ""reason"": ""total reads 9,498,058 < 10,000,000"", ""rule"": ""total_reads < red_read_threshold"", ""threshold"": 10000000, ""value"": 9498058}]"
ENCSR867EQV	HCT116	green	green	true	true	false	false	perturbation_treated	45225665	22762321	22463344	crispr;genetically modified	"{""biosample_summary"": [""crispr"", ""genetically modified""]}"	5-phenyl;indole-3-acetic acid;treated	"{""biosample_summary"": [""5-phenyl"", ""indole-3-acetic acid"", ""treated""]}"	{}	"[{""fields"": {""biosample_summary"": [""5-phenyl"", ""indole-3-acetic acid"", ""treated""]}, ""flag"": ""perturb"", ""reason"": ""metadata matched active-treatment keywords: 5-phenyl, indole-3-acetic acid, treated"", ""rule"": ""metadata treatment keyword match""}]"
ENCSR386RDW	subcutaneous adipose tissue	green	green	false	false	false	false	green	30099715	15074771	15024944		{}		{}	{}	
ENCSR694RPO	right lobe of liver	green	green	false	false	false	false	green	31763810	15874668	15889142		{}		{}	{}	
ENCSR248SVP	osteocyte	green	green	false	false	false	false	green	21814292	11009266	10805026		{}		{}	{}	
ENCSR992HBP	right lobe of liver	green	green	false	false	false	false	green	32524721	16289889	16234832		{}		{}	{}	
ENCSR967RHN	lower lobe of left lung	green	green	false	false	false	false	green	40450417	20432390	20018027		{}		{}	{}	
ENCSR757HMG	Peyer's patch	green	green	false	false	false	false	green	40783050	20538978	20244072		{}		{}	{}	
ENCSR983JFU	REH cell	green	green	false	false	false	false	green	47563388	23828774	23734614		{}		{}	{}	
ENCSR644TYW	Colon Carcinoma Metastatic in the Brain	red	red	false	false	false	false	red_low_reads	8884275	4465900	4418375		{}		{}	{}	"[{""flag"": ""red"", ""reason"": ""total reads 8,884,275 < 10,000,000"", ""rule"": ""total_reads < red_read_threshold"", ""threshold"": 10000000, ""value"": 8884275}]"
ENCSR542IVL	testis	green	green	false	false	false	false	green	31719145	15904632	15814513		{}		{}	{}	
ENCSR821MIF	spleen	green	green	false	false	false	false	green	20999179	10515610	10483569		{}		{}	{}	
ENCSR970ACM	adrenal gland	green	green	false	false	false	false	green	25789079	13091878	12697201		{}		{}	{}	
ENCSR484CAZ	cardiac septum	green	green	false	false	false	false	green	29330657	14777422	14553235		{}		{}	{}	
ENCSR074XYR	Colon Carcinoma Metastatic in the Brain	yellow	yellow	false	false	false	false	yellow_low_reads	13814019	6929194	6884825		{}		{}	{}	"[{""flag"": ""yellow"", ""reason"": ""total reads 13,814,019 < 20,000,000"", ""rule"": ""total_reads < yellow_read_threshold"", ""threshold"": 20000000, ""value"": 13814019}]"
ENCSR636RVF	skeletal muscle tissue	green	green	false	false	false	false	green	29994334	14919780	15074554		{}		{}	{}	
ENCSR122BHP	colic lymph node	green	green	false	false	false	false	green	30452346	15258030	15194316		{}		{}	{}	
ENCSR282COG	gallbladder	green	green	false	false	false	false	green	30001955	15125994	14875961		{}		{}	{}	
ENCSR618ZHM	ileum	green	green	false	false	false	false	green	24214571	12221804	11992767		{}		{}	{}	
ENCSR940QKZ	ovary	green	green	false	false	false	false	green	55698910	27743506	27955404		{}		{}	{}	
ENCSR093JST	monocyte	green	green	false	false	false	false	green	28647463	14479519	14167944		{}		{}	{}	
ENCSR331QXJ	Colon Carcinoma Metastatic in the Lung	yellow	yellow	false	false	false	false	yellow_low_reads	12669641	6360063	6309578		{}		{}	{}	"[{""flag"": ""yellow"", ""reason"": ""total reads 12,669,641 < 20,000,000"", ""rule"": ""total_reads < yellow_read_threshold"", ""threshold"": 20000000, ""value"": 12669641}]"
ENCSR575NNF	right lobe of liver	green	green	false	false	false	false	green	31210842	15695265	15515577		{}		{}	{}	
ENCSR915VCN	cerebral cortex	green	green	false	false	false	false	green	31802125	15870985	15931140		{}		{}	{}	
ENCSR766KPR	ovary	green	green	false	false	false	false	green	39031060	19463689	19567371		{}		{}	{}	
ENCSR399LAD	uterus	green	green	false	false	false	false	green	47772123	23837597	23934526		{}		{}	{}	
ENCSR756CCD	thyroid gland	green	green	false	false	false	false	green	40063640	20201961	19861679		{}		{}	{}	
ENCSR023NXW	right common carotid artery plus branches	green	green	false	false	false	false	green	48044116	23962780	24081336		{}		{}	{}	
ENCSR266TET	bronchial lymph node	green	green	false	false	false	false	green	45956195	23050822	22905373		{}		{}	{}	
ENCSR045XAW	urinary bladder	green	green	false	false	false	false	green	26854082	13523667	13330415		{}		{}	{}	
ENCSR934ZMQ	Metastatic Breast Carcinoma in the Ovary	green	green	false	false	false	false	green	27713782	13902789	13810993		{}		{}	{}	
ENCSR118KGX	T-cell	yellow	yellow	false	false	false	false	yellow_low_reads	17249962	8673170	8576792		{}		{}	{}	"[{""flag"": ""yellow"", ""reason"": ""total reads 17,249,962 < 20,000,000"", ""rule"": ""total_reads < yellow_read_threshold"", ""threshold"": 20000000, ""value"": 17249962}]"
ENCSR296MTV	left common carotid artery plus branches	red	red	false	false	false	false	red_low_reads	7711346	3933309	3778037		{}		{}	{}	"[{""flag"": ""red"", ""reason"": ""total reads 7,711,346 < 10,000,000"", ""rule"": ""total_reads < red_read_threshold"", ""threshold"": 10000000, ""value"": 7711346}]"
ENCSR212GWU	breast	yellow	yellow	false	false	false	false	yellow_low_reads	15988746	8005118	7983628		{}		{}	{}	"[{""flag"": ""yellow"", ""reason"": ""total reads 15,988,746 < 20,000,000"", ""rule"": ""total_reads < yellow_read_threshold"", ""threshold"": 20000000, ""value"": 15988746}]"
ENCSR408RHY	adrenal gland	green	green	false	false	false	false	green	31768869	15990787	15778082		{}		{}	{}	
ENCSR594WJV	cytotoxic T cell	yellow	yellow	false	false	false	false	yellow_low_reads	19301256	9664562	9636694		{}		{}	{}	"[{""flag"": ""yellow"", ""reason"": ""total reads 19,301,256 < 20,000,000"", ""rule"": ""total_reads < yellow_read_threshold"", ""threshold"": 20000000, ""value"": 19301256}]"
ENCSR797AOQ	spleen	green	green	false	false	false	false	green	32667827	16390851	16276976		{}		{}	{}	
ENCSR675RBN	cerebral cortex	red	red	false	false	false	false	red_low_reads	207642	104025	103617		{}		{}	{}	"[{""flag"": ""red"", ""reason"": ""total reads 207,642 < 10,000,000"", ""rule"": ""total_reads < red_read_threshold"", ""threshold"": 10000000, ""value"": 207642}]"
ENCSR812JCT	heart left ventricle	green	green	false	false	false	false	green	28878299	14493863	14384436		{}		{}	{}	
ENCSR740DLY	peripheral blood mononuclear cell	green	green	false	false	false	false	green	29057503	14572259	14485244		{}		{}	{}	
ENCSR964OON	sternocleidomastoid	green	green	false	false	false	false	green	27288268	13716878	13571390		{}		{}	{}	
ENCSR883PPD	right cardiac atrium	green	green	false	false	false	false	green	26200582	13148884	13051698		{}		{}	{}	
ENCSR784FKF	vermiform appendix	green	green	false	false	false	false	green	31617356	15916051	15701305		{}		{}	{}	
ENCSR273JQN	HCT116	green	green	true	false	true	false	perturbation_untreated	54478633	27431155	27047478	crispr;genetically modified	"{""biosample_summary"": [""crispr"", ""genetically modified""]}"		{}	{}	"[{""fields"": {""biosample_summary"": [""crispr"", ""genetically modified""]}, ""flag"": ""perturb"", ""reason"": ""metadata matched genetic-perturbation keywords with no active-treatment keyword: crispr, genetically modified"", ""rule"": ""metadata perturbation keyword match""}]"
ENCSR074XOP	HCT116	green	green	true	false	true	false	perturbation_untreated	49288179	24767749	24520430	crispr;genetically modified	"{""biosample_summary"": [""crispr"", ""genetically modified""]}"		{}	{}	"[{""fields"": {""biosample_summary"": [""crispr"", ""genetically modified""]}, ""flag"": ""perturb"", ""reason"": ""metadata matched genetic-perturbation keywords with no active-treatment keyword: crispr, genetically modified"", ""rule"": ""metadata perturbation keyword match""}]"
ENCSR635SXX	HCT116	green	green	true	false	true	false	perturbation_untreated	39109436	19661538	19447898	crispr;genetically modified	"{""biosample_summary"": [""crispr"", ""genetically modified""]}"		{}	{}	"[{""fields"": {""biosample_summary"": [""crispr"", ""genetically modified""]}, ""flag"": ""perturb"", ""reason"": ""metadata matched genetic-perturbation keywords with no active-treatment keyword: crispr, genetically modified"", ""rule"": ""metadata perturbation keyword match""}]"
ENCSR990FJB	HCT116	green	green	true	false	true	false	perturbation_untreated	34336772	17262232	17074540	crispr;genetically modified	"{""biosample_summary"": [""crispr"", ""genetically modified""]}"		{}	{}	"[{""fields"": {""biosample_summary"": [""crispr"", ""genetically modified""]}, ""flag"": ""perturb"", ""reason"": ""metadata matched genetic-perturbation keywords with no active-treatment keyword: crispr, genetically modified"", ""rule"": ""metadata perturbation keyword match""}]"
ENCSR261OWE	HCT116	green	green	true	true	false	false	perturbation_treated	34609770	17421587	17188183	crispr;genetically modified	"{""biosample_summary"": [""crispr"", ""genetically modified""]}"	5-phenyl;indole-3-acetic acid;treated	"{""biosample_summary"": [""5-phenyl"", ""indole-3-acetic acid"", ""treated""]}"	{}	"[{""fields"": {""biosample_summary"": [""5-phenyl"", ""indole-3-acetic acid"", ""treated""]}, ""flag"": ""perturb"", ""reason"": ""metadata matched active-treatment keywords: 5-phenyl, indole-3-acetic acid, treated"", ""rule"": ""metadata treatment keyword match""}]"
ENCSR932TRR	HCT116	green	green	true	false	true	false	perturbation_untreated	32851146	16534624	16316522	crispr;genetically modified	"{""biosample_summary"": [""crispr"", ""genetically modified""]}"		{}	{}	"[{""fields"": {""biosample_summary"": [""crispr"", ""genetically modified""]}, ""flag"": ""perturb"", ""reason"": ""metadata matched genetic-perturbation keywords with no active-treatment keyword: crispr, genetically modified"", ""rule"": ""metadata perturbation keyword match""}]"
ENCSR604EBH	K562	yellow	yellow	false	false	false	false	yellow_low_reads	14200503	7133512	7066991		{}		{}	{}	"[{""flag"": ""yellow"", ""reason"": ""total reads 14,200,503 < 20,000,000"", ""rule"": ""total_reads < yellow_read_threshold"", ""threshold"": 20000000, ""value"": 14200503}]"
ENCSR124AWE	SUDHL5	yellow	yellow	false	false	false	false	yellow_low_reads	18291501	9170046	9121455		{}		{}	{}	"[{""flag"": ""yellow"", ""reason"": ""total reads 18,291,501 < 20,000,000"", ""rule"": ""total_reads < yellow_read_threshold"", ""threshold"": 20000000, ""value"": 18291501}]"
ENCSR548GOG	stomach	green	green	false	false	false	false	green	28186881	14233803	13953078		{}		{}	{}	
ENCSR973QQI	ReNcell CX	red	yellow	false	false	false	false	yellow_low_reads;red_manual	17475039	8793246	8681793		{}		{}	{}	"[{""flag"": ""yellow"", ""reason"": ""total reads 17,475,039 < 20,000,000"", ""rule"": ""total_reads < yellow_read_threshold"", ""threshold"": 20000000, ""value"": 17475039}, {""flag"": ""red"", ""reason"": ""poor TSS-positioning"", ""rule"": ""manual red-list""}]"
ENCSR473KVF	HEK293T	green	green	true	false	true	false	perturbation_untreated	61388371	30594669	30793702	crispr;genetically modified	"{""biosample_summary"": [""crispr"", ""genetically modified""]}"		{}	{}	"[{""fields"": {""biosample_summary"": [""crispr"", ""genetically modified""]}, ""flag"": ""perturb"", ""reason"": ""metadata matched genetic-perturbation keywords with no active-treatment keyword: crispr, genetically modified"", ""rule"": ""metadata perturbation keyword match""}]"
ENCSR382HFH	peripheral blood mononuclear cell	green	green	false	false	false	false	green	20936078	10582528	10353550		{}		{}	{}	
ENCSR624CVP	peritoneum	red	red	false	false	false	false	red_low_reads	2280051	1156851	1123200		{}		{}	{}	"[{""flag"": ""red"", ""reason"": ""total reads 2,280,051 < 10,000,000"", ""rule"": ""total_reads < red_read_threshold"", ""threshold"": 10000000, ""value"": 2280051}]"
ENCSR575EOB	Metastatic Breast Carcinoma in the Brain	yellow	yellow	false	false	false	false	yellow_low_reads	19490771	9866497	9624274		{}		{}	{}	"[{""flag"": ""yellow"", ""reason"": ""total reads 19,490,771 < 20,000,000"", ""rule"": ""total_reads < yellow_read_threshold"", ""threshold"": 20000000, ""value"": 19490771}]"
ENCSR701MOE	T-cell	yellow	yellow	false	false	false	false	yellow_low_reads	18470624	9305776	9164848		{}		{}	{}	"[{""flag"": ""yellow"", ""reason"": ""total reads 18,470,624 < 20,000,000"", ""rule"": ""total_reads < yellow_read_threshold"", ""threshold"": 20000000, ""value"": 18470624}]"
ENCSR657PSE	aorta	red	red	false	false	false	false	red_low_reads	8908600	4515745	4392855		{}		{}	{}	"[{""flag"": ""red"", ""reason"": ""total reads 8,908,600 < 10,000,000"", ""rule"": ""total_reads < red_read_threshold"", ""threshold"": 10000000, ""value"": 8908600}]"
ENCSR472ETC	fallopian tube	green	green	false	false	false	false	green	43768839	21885831	21883008		{}		{}	{}	
ENCSR077MAX	tibial nerve	green	green	false	false	false	false	green	20161361	10056889	10104472		{}		{}	{}	
ENCSR426RMA	heart left ventricle	yellow	yellow	false	false	false	false	yellow_low_reads	19012650	9553430	9459220		{}		{}	{}	"[{""flag"": ""yellow"", ""reason"": ""total reads 19,012,650 < 20,000,000"", ""rule"": ""total_reads < yellow_read_threshold"", ""threshold"": 20000000, ""value"": 19012650}]"
ENCSR489FZB	T-cell	green	green	false	false	false	false	green	54754455	27432493	27321962		{}		{}	{}	
ENCSR683FOJ	mesenteric fat pad	red	red	false	false	false	false	red_low_reads	3728891	1880710	1848181		{}		{}	{}	"[{""flag"": ""red"", ""reason"": ""total reads 3,728,891 < 10,000,000"", ""rule"": ""total_reads < red_read_threshold"", ""threshold"": 10000000, ""value"": 3728891}]"
ENCSR683YVU	helper T cell	green	green	false	false	false	false	green	33540412	16771463	16768949		{}		{}	{}	
ENCSR574ZMF	ovary	green	green	false	false	false	false	green	54370914	27075701	27295213		{}		{}	{}	
ENCSR245UIS	Karpas-422	red	red	false	false	false	false	red_low_reads	9548225	4857682	4690543		{}		{}	{}	"[{""flag"": ""red"", ""reason"": ""total reads 9,548,225 < 10,000,000"", ""rule"": ""total_reads < red_read_threshold"", ""threshold"": 10000000, ""value"": 9548225}]"
ENCSR836XBB	rectum	green	green	false	false	false	false	green	83724920	42238114	41486806		{}		{}	{}	
ENCSR526QVD	ureter	green	green	false	false	false	false	green	20675719	10390867	10284852		{}		{}	{}	
ENCSR876AEQ	Metastatic Liver Carcinoma in the Adrenal Gland	yellow	yellow	false	false	false	false	yellow_low_reads	15418929	7646145	7772784		{}		{}	{}	"[{""flag"": ""yellow"", ""reason"": ""total reads 15,418,929 < 20,000,000"", ""rule"": ""total_reads < yellow_read_threshold"", ""threshold"": 20000000, ""value"": 15418929}]"
ENCSR229XTQ	skeletal muscle tissue	red	red	false	false	false	false	red_low_reads	7613105	3858395	3754710		{}		{}	{}	"[{""flag"": ""red"", ""reason"": ""total reads 7,613,105 < 10,000,000"", ""rule"": ""total_reads < red_read_threshold"", ""threshold"": 10000000, ""value"": 7613105}]"
ENCSR659YNL	left lung	green	green	false	false	false	false	green	34691465	17516233	17175232		{}		{}	{}	
ENCSR282IJP	neutrophil	red	red	false	false	false	false	red_low_reads	5211219	2631412	2579807		{}		{}	{}	"[{""flag"": ""red"", ""reason"": ""total reads 5,211,219 < 10,000,000"", ""rule"": ""total_reads < red_read_threshold"", ""threshold"": 10000000, ""value"": 5211219}]"
ENCSR888DKJ	Metastatic Breast Carcinoma in the Brain	red	red	false	false	false	false	red_low_reads	8746136	4389130	4357006		{}		{}	{}	"[{""flag"": ""red"", ""reason"": ""total reads 8,746,136 < 10,000,000"", ""rule"": ""total_reads < red_read_threshold"", ""threshold"": 10000000, ""value"": 8746136}]"
ENCSR754LBG	duodenum	green	green	false	false	false	false	green	21207155	10727656	10479499		{}		{}	{}	
ENCSR250REI	peripheral blood mononuclear cell	green	green	false	false	false	false	green	30920781	15523270	15397511		{}		{}	{}	
ENCSR180NBV	Metastatic Breast Carcinoma in the Brain	yellow	yellow	false	false	false	false	yellow_low_reads	10302609	5187687	5114922		{}		{}	{}	"[{""flag"": ""yellow"", ""reason"": ""total reads 10,302,609 < 20,000,000"", ""rule"": ""total_reads < yellow_read_threshold"", ""threshold"": 20000000, ""value"": 10302609}]"
ENCSR739MOQ	body of pancreas	green	green	false	false	false	false	green	29431496	14797231	14634265		{}		{}	{}	
ENCSR117JKC	trachea	green	green	false	false	false	false	green	26892197	13552409	13339788		{}		{}	{}	
ENCSR008TSD	Metastatic Breast Carcinoma in the Brain	green	green	false	false	false	false	green	33947354	17170487	16776867		{}		{}	{}	
ENCSR723JIC	peripheral blood mononuclear cell	green	green	false	false	false	false	green	30984362	15596966	15387396		{}		{}	{}	
ENCSR980TGS	Metastatic Breast Carcinoma in the Brain	green	green	false	false	false	false	green	33071486	16620442	16451044		{}		{}	{}	
ENCSR083AMN	B cell	green	green	false	false	false	false	green	49250210	24680772	24569438		{}		{}	{}	
ENCSR756TPG	K562	red	yellow	false	false	false	true	yellow_low_reads;red_uncapped	12746105	6471366	6274739		{}		{}	"{""description"": [""uncapped""], ""library_construction"": [""uncapped""]}"	"[{""flag"": ""yellow"", ""reason"": ""total reads 12,746,105 < 20,000,000"", ""rule"": ""total_reads < yellow_read_threshold"", ""threshold"": 20000000, ""value"": 12746105}, {""fields"": {""description"": [""uncapped""], ""library_construction"": [""uncapped""]}, ""flag"": ""red"", ""reason"": ""uncapped experiment"", ""rule"": ""metadata contains uncapped""}]"
ENCSR089CQL	T-cell	green	green	false	false	false	false	green	25163674	12721332	12442342		{}		{}	{}	
ENCSR294JPW	left ventricle myocardium	green	green	false	false	false	false	green	29054226	14573483	14480743		{}		{}	{}	
ENCSR321WCE	neural crest cell	green	green	false	false	false	false	green	36499062	18358744	18140318		{}		{}	{}	
ENCSR357VUN	ovary	green	green	false	false	false	false	green	85670630	42775018	42895612		{}		{}	{}	
ENCSR393PGX	breast epithelium	yellow	yellow	false	false	false	false	yellow_low_reads	14422367	7273495	7148872		{}		{}	{}	"[{""flag"": ""yellow"", ""reason"": ""total reads 14,422,367 < 20,000,000"", ""rule"": ""total_reads < yellow_read_threshold"", ""threshold"": 20000000, ""value"": 14422367}]"
ENCSR489BCG	pancreas	green	green	false	false	false	false	green	33243271	16751628	16491643		{}		{}	{}	
ENCSR243MVI	liver	red	red	false	false	false	false	red_low_reads	7310110	3650765	3659345		{}		{}	{}	"[{""flag"": ""red"", ""reason"": ""total reads 7,310,110 < 10,000,000"", ""rule"": ""total_reads < red_read_threshold"", ""threshold"": 10000000, ""value"": 7310110}]"
ENCSR104MSL	pancreas	yellow	yellow	false	false	false	false	yellow_low_reads	15924855	8003230	7921625		{}		{}	{}	"[{""flag"": ""yellow"", ""reason"": ""total reads 15,924,855 < 20,000,000"", ""rule"": ""total_reads < yellow_read_threshold"", ""threshold"": 20000000, ""value"": 15924855}]"
ENCSR928ZWP	lower leg skin	green	green	false	false	false	false	green	32582557	16358801	16223756		{}		{}	{}	
ENCSR331UGM	liver	green	green	false	false	false	false	green	51683549	25809699	25873850		{}		{}	{}	
ENCSR149WMX	Metastatic Liver Carcinoma in the Lung	green	green	false	false	false	false	green	20024519	10041076	9983443		{}		{}	{}	
ENCSR633OWM	pulmonary lymph node	green	green	false	false	false	false	green	31736493	15908233	15828260		{}		{}	{}	
ENCSR384HWB	ascending aorta	yellow	yellow	false	false	false	false	yellow_low_reads	10502500	5311053	5191447		{}		{}	{}	"[{""flag"": ""yellow"", ""reason"": ""total reads 10,502,500 < 20,000,000"", ""rule"": ""total_reads < yellow_read_threshold"", ""threshold"": 20000000, ""value"": 10502500}]"
ENCSR347PQY	upper lobe of left lung	yellow	yellow	false	false	false	false	yellow_low_reads	19572464	9758696	9813768		{}		{}	{}	"[{""flag"": ""yellow"", ""reason"": ""total reads 19,572,464 < 20,000,000"", ""rule"": ""total_reads < yellow_read_threshold"", ""threshold"": 20000000, ""value"": 19572464}]"
ENCSR335ZMZ	OCI-LY7	yellow	yellow	false	false	false	false	yellow_low_reads	19164560	9604955	9559605		{}		{}	{}	"[{""flag"": ""yellow"", ""reason"": ""total reads 19,164,560 < 20,000,000"", ""rule"": ""total_reads < yellow_read_threshold"", ""threshold"": 20000000, ""value"": 19164560}]"
ENCSR657RPS	uterus	green	green	false	false	false	false	green	27594048	13811824	13782224		{}		{}	{}	
ENCSR149ZRX	K562	red	yellow	false	false	false	true	yellow_low_reads;red_uncapped	11216863	5687168	5529695		{}		{}	"{""description"": [""uncapped""], ""library_construction"": [""uncapped""]}"	"[{""flag"": ""yellow"", ""reason"": ""total reads 11,216,863 < 20,000,000"", ""rule"": ""total_reads < yellow_read_threshold"", ""threshold"": 20000000, ""value"": 11216863}, {""fields"": {""description"": [""uncapped""], ""library_construction"": [""uncapped""]}, ""flag"": ""red"", ""reason"": ""uncapped experiment"", ""rule"": ""metadata contains uncapped""}]"
ENCSR834OVY	peripheral blood mononuclear cell	green	green	false	false	false	false	green	28722640	14431245	14291395		{}		{}	{}	
ENCSR262PWK	type B pancreatic cell	green	green	false	false	false	false	green	20590493	10415317	10175176		{}		{}	{}	
ENCSR300AAD	Metastatic Liver Carcinoma in the Adrenal Gland	yellow	yellow	false	false	false	false	yellow_low_reads	10747690	5324312	5423378		{}		{}	{}	"[{""flag"": ""yellow"", ""reason"": ""total reads 10,747,690 < 20,000,000"", ""rule"": ""total_reads < yellow_read_threshold"", ""threshold"": 20000000, ""value"": 10747690}]"
ENCSR900SLO	HCT116	green	green	true	false	true	false	perturbation_untreated	39472843	19826257	19646586	crispr;genetically modified	"{""biosample_summary"": [""crispr"", ""genetically modified""]}"		{}	{}	"[{""fields"": {""biosample_summary"": [""crispr"", ""genetically modified""]}, ""flag"": ""perturb"", ""reason"": ""metadata matched genetic-perturbation keywords with no active-treatment keyword: crispr, genetically modified"", ""rule"": ""metadata perturbation keyword match""}]"
ENCSR687HZX	Metastatic Breast Carcinoma in the Brain	green	green	false	false	false	false	green	51884823	25966959	25917864		{}		{}	{}	
ENCSR997YHR	lung	red	red	false	false	false	false	red_low_reads	7655506	3885366	3770140		{}		{}	{}	"[{""flag"": ""red"", ""reason"": ""total reads 7,655,506 < 10,000,000"", ""rule"": ""total_reads < red_read_threshold"", ""threshold"": 10000000, ""value"": 7655506}]"
ENCSR744JVA	pancreas	green	green	false	false	false	false	green	35552786	17943314	17609472		{}		{}	{}	
ENCSR338WJS	pancreas	green	green	false	false	false	false	green	33362683	16806356	16556327		{}		{}	{}	
ENCSR407CCJ	cerebellum	red	red	false	false	false	false	red_low_reads	6836531	3358206	3478325		{}		{}	{}	"[{""flag"": ""red"", ""reason"": ""total reads 6,836,531 < 10,000,000"", ""rule"": ""total_reads < red_read_threshold"", ""threshold"": 10000000, ""value"": 6836531}]"
ENCSR155NVW	penis	green	green	false	false	false	false	green	23386026	11794123	11591903		{}		{}	{}	
ENCSR305RPP	testis	green	green	false	false	false	false	green	30751671	15383610	15368061		{}		{}	{}	
ENCSR290MPW	heart left ventricle	green	green	false	false	false	false	green	28999509	14591287	14408222		{}		{}	{}	
ENCSR219NJB	spleen	green	green	false	false	false	false	green	53920081	26839803	27080278		{}		{}	{}	
ENCSR219QKX	heart right ventricle	green	green	false	false	false	false	green	24316687	12176402	12140285		{}		{}	{}	
ENCSR656ZDH	heart left ventricle	green	green	false	false	false	false	green	30243524	15160113	15083411		{}		{}	{}	
ENCSR065NDB	T-cell	green	green	false	false	false	false	green	28731574	14413931	14317643		{}		{}	{}	
ENCSR769SLJ	transverse colon	green	green	false	false	false	false	green	40529055	20451415	20077640		{}		{}	{}	
ENCSR069DQH	cytotoxic T cell	green	green	false	false	false	false	green	41250828	20673261	20577567		{}		{}	{}	
ENCSR617JRP	Metastatic Breast Carcinoma in the Ovary	green	green	false	false	false	false	green	20479471	10273763	10205708		{}		{}	{}	
ENCSR100PNA	paraaortic lymph node	green	green	false	false	false	false	green	30814739	15472725	15342014		{}		{}	{}	
ENCSR065QHA	left lobe of liver	green	green	false	false	false	false	green	30285637	15221015	15064622		{}		{}	{}	
ENCSR233GRN	bronchus	green	green	false	false	false	false	green	36800937	18464442	18336495		{}		{}	{}	
ENCSR997INZ	right atrium auricular region	green	green	false	false	false	false	green	37258897	18677406	18581491		{}		{}	{}	
ENCSR431MXP	thyroid gland	green	green	false	false	false	false	green	32521472	16339496	16181976		{}		{}	{}	
ENCSR255MUU	progenitor cell of endocrine pancreas	green	green	false	false	false	false	green	27478806	13854735	13624071		{}		{}	{}	
ENCSR673CJC	Metastatic Lung Carcinoma in the Adrenal Gland	yellow	yellow	false	false	false	false	yellow_low_reads	17970063	9027296	8942767		{}		{}	{}	"[{""flag"": ""yellow"", ""reason"": ""total reads 17,970,063 < 20,000,000"", ""rule"": ""total_reads < yellow_read_threshold"", ""threshold"": 20000000, ""value"": 17970063}]"
ENCSR946MDO	gastroesophageal sphincter	green	green	false	false	false	false	green	31740315	15912618	15827697		{}		{}	{}	
ENCSR841GXY	monocyte	green	green	false	false	false	false	green	29979023	15293249	14685774		{}		{}	{}	
ENCSR296XBI	T-cell	green	green	false	false	false	false	green	34088813	17096353	16992460		{}		{}	{}	
ENCSR072JHG	liver	green	green	false	false	false	false	green	30715044	15374783	15340261		{}		{}	{}	
ENCSR883HAT	uterus	green	green	false	false	false	false	green	35802705	17955212	17847493		{}		{}	{}	
ENCSR360MUR	HCT116	green	green	true	false	true	false	perturbation_untreated	41250193	20753793	20496400	crispr;genetically modified	"{""biosample_summary"": [""crispr"", ""genetically modified""]}"		{}	{}	"[{""fields"": {""biosample_summary"": [""crispr"", ""genetically modified""]}, ""flag"": ""perturb"", ""reason"": ""metadata matched genetic-perturbation keywords with no active-treatment keyword: crispr, genetically modified"", ""rule"": ""metadata perturbation keyword match""}]"
ENCSR871CUV	HCT116	green	green	true	true	false	false	perturbation_treated	27512831	13846001	13666830	crispr;genetically modified	"{""biosample_summary"": [""crispr"", ""genetically modified""]}"	5-phenyl;indole-3-acetic acid;treated	"{""biosample_summary"": [""5-phenyl"", ""indole-3-acetic acid"", ""treated""]}"	{}	"[{""fields"": {""biosample_summary"": [""5-phenyl"", ""indole-3-acetic acid"", ""treated""]}, ""flag"": ""perturb"", ""reason"": ""metadata matched active-treatment keywords: 5-phenyl, indole-3-acetic acid, treated"", ""rule"": ""metadata treatment keyword match""}]"
ENCSR676YGJ	heart left ventricle	green	green	false	false	false	false	green	32032976	16110665	15922311		{}		{}	{}	
ENCSR571OAW	mesothelial cell of epicardium	red	red	false	false	false	false	red_low_reads	5548581	2819612	2728969		{}		{}	{}	"[{""flag"": ""red"", ""reason"": ""total reads 5,548,581 < 10,000,000"", ""rule"": ""total_reads < red_read_threshold"", ""threshold"": 10000000, ""value"": 5548581}]"
ENCSR632XIZ	skeletal muscle tissue	yellow	yellow	false	false	false	false	yellow_low_reads	15188067	7666351	7521716		{}		{}	{}	"[{""flag"": ""yellow"", ""reason"": ""total reads 15,188,067 < 20,000,000"", ""rule"": ""total_reads < yellow_read_threshold"", ""threshold"": 20000000, ""value"": 15188067}]"
ENCSR179FHG	sigmoid colon	red	red	false	false	false	false	red_low_reads	6323802	3202815	3120987		{}		{}	{}	"[{""flag"": ""red"", ""reason"": ""total reads 6,323,802 < 10,000,000"", ""rule"": ""total_reads < red_read_threshold"", ""threshold"": 10000000, ""value"": 6323802}]"
ENCSR246YHR	esophagus muscularis mucosa	green	green	false	false	false	false	green	42662120	21375172	21286948		{}		{}	{}	
ENCSR353ZXW	SP-49	red	red	false	false	false	false	red_low_reads	6438457	3258200	3180257		{}		{}	{}	"[{""flag"": ""red"", ""reason"": ""total reads 6,438,457 < 10,000,000"", ""rule"": ""total_reads < red_read_threshold"", ""threshold"": 10000000, ""value"": 6438457}]"
ENCSR845LKT	right lobe of liver	green	green	false	false	false	false	green	30816494	15448618	15367876		{}		{}	{}	
ENCSR794VAJ	sciatic nerve	green	green	false	false	false	false	green	55518882	27824448	27694434		{}		{}	{}	
ENCSR610POV	Metastatic Breast Carcinoma in the Brain	green	green	false	false	false	false	green	26840929	13493039	13347890		{}		{}	{}	
ENCSR220OLX	left colon	green	green	false	false	false	false	green	27406802	13818491	13588311		{}		{}	{}	
ENCSR966RLG	HCT116	red	red	true	true	false	false	red_low_reads;perturbation_treated	8980583	4524985	4455598	crispr;genetically modified	"{""biosample_summary"": [""crispr"", ""genetically modified""]}"	5-phenyl;indole-3-acetic acid;treated	"{""biosample_summary"": [""5-phenyl"", ""indole-3-acetic acid"", ""treated""]}"	{}	"[{""flag"": ""red"", ""reason"": ""total reads 8,980,583 < 10,000,000"", ""rule"": ""total_reads < red_read_threshold"", ""threshold"": 10000000, ""value"": 8980583}, {""fields"": {""biosample_summary"": [""5-phenyl"", ""indole-3-acetic acid"", ""treated""]}, ""flag"": ""perturb"", ""reason"": ""metadata matched active-treatment keywords: 5-phenyl, indole-3-acetic acid, treated"", ""rule"": ""metadata treatment keyword match""}]"
ENCSR342WAR	neuron	green	green	false	false	false	false	green	49925415	25178368	24747047		{}		{}	{}	
ENCSR956DBV	suprapubic skin	yellow	yellow	false	false	false	false	yellow_low_reads	12211044	6192622	6018422		{}		{}	{}	"[{""flag"": ""yellow"", ""reason"": ""total reads 12,211,044 < 20,000,000"", ""rule"": ""total_reads < yellow_read_threshold"", ""threshold"": 20000000, ""value"": 12211044}]"
ENCSR482XCK	ovary	green	green	false	false	false	false	green	76757864	38705970	38051894		{}		{}	{}	
ENCSR516KII	astrocyte	yellow	yellow	false	false	false	false	yellow_low_reads	10706077	5380616	5325461		{}		{}	{}	"[{""flag"": ""yellow"", ""reason"": ""total reads 10,706,077 < 20,000,000"", ""rule"": ""total_reads < yellow_read_threshold"", ""threshold"": 20000000, ""value"": 10706077}]"
ENCSR280NVT	vagina	green	green	false	false	false	false	green	45043588	22513313	22530275		{}		{}	{}	
ENCSR245HPE	psoas muscle	yellow	yellow	false	false	false	false	yellow_low_reads	15259901	7629451	7630450		{}		{}	{}	"[{""flag"": ""yellow"", ""reason"": ""total reads 15,259,901 < 20,000,000"", ""rule"": ""total_reads < yellow_read_threshold"", ""threshold"": 20000000, ""value"": 15259901}]"
ENCSR889QVM	ovary	green	green	false	false	false	false	green	28333567	14127307	14206260		{}		{}	{}	
ENCSR712UDA	peripheral blood mononuclear cell	green	green	false	false	false	false	green	24200870	12155698	12045172		{}		{}	{}	
ENCSR926PFT	omental fat pad	red	red	false	false	false	false	red_low_reads	708176	359387	348789		{}		{}	{}	"[{""flag"": ""red"", ""reason"": ""total reads 708,176 < 10,000,000"", ""rule"": ""total_reads < red_read_threshold"", ""threshold"": 10000000, ""value"": 708176}]"
ENCSR679CMZ	testis	green	green	false	false	false	false	green	29737117	14939053	14798064		{}		{}	{}	
ENCSR642TRG	tibial artery	green	green	false	false	false	false	green	30060674	15078456	14982218		{}		{}	{}	
ENCSR723NVI	T-cell	green	green	false	false	false	false	green	20122324	10127665	9994659		{}		{}	{}	
ENCSR175VMO	Metastatic Pancreatic Carcinoma in the Ovary	yellow	yellow	false	false	false	false	yellow_low_reads	17800656	9024520	8776136		{}		{}	{}	"[{""flag"": ""yellow"", ""reason"": ""total reads 17,800,656 < 20,000,000"", ""rule"": ""total_reads < yellow_read_threshold"", ""threshold"": 20000000, ""value"": 17800656}]"
ENCSR718AQM	HCT116	yellow	yellow	true	true	false	false	yellow_low_reads;perturbation_treated	11218204	5672242	5545962	crispr;genetically modified	"{""biosample_summary"": [""crispr"", ""genetically modified""]}"	5-phenyl;indole-3-acetic acid;treated	"{""biosample_summary"": [""5-phenyl"", ""indole-3-acetic acid"", ""treated""]}"	{}	"[{""flag"": ""yellow"", ""reason"": ""total reads 11,218,204 < 20,000,000"", ""rule"": ""total_reads < yellow_read_threshold"", ""threshold"": 20000000, ""value"": 11218204}, {""fields"": {""biosample_summary"": [""5-phenyl"", ""indole-3-acetic acid"", ""treated""]}, ""flag"": ""perturb"", ""reason"": ""metadata matched active-treatment keywords: 5-phenyl, indole-3-acetic acid, treated"", ""rule"": ""metadata treatment keyword match""}]"
ENCSR516YGD	adrenal gland	green	green	false	false	false	false	green	38881569	19653071	19228498		{}		{}	{}	
ENCSR015HKC	uterus	green	green	false	false	false	false	green	40683898	20260009	20423889		{}		{}	{}	
ENCSR359PWL	H9	green	green	false	false	false	false	green	52136984	26309892	25827092		{}		{}	{}	
ENCSR845TMF	prostate gland	green	green	false	false	false	false	green	43001927	21465227	21536700		{}		{}	{}	
ENCSR222JNI	endothelial cell	green	green	false	false	false	false	green	51061620	25656162	25405458		{}		{}	{}	
ENCSR216FUJ	Metastatic Breast Carcinoma in the Brain	green	green	false	false	false	false	green	30966755	15648996	15317759		{}		{}	{}	
ENCSR889PCF	bile duct	green	green	false	false	false	false	green	30841827	15433228	15408599		{}		{}	{}	
ENCSR153AON	esophagus squamous epithelium	green	green	false	false	false	false	green	44825584	22523414	22302170		{}		{}	{}	
ENCSR436JXW	Metastatic Breast Carcinoma in the Brain	yellow	yellow	false	false	false	false	yellow_low_reads	12417810	6185623	6232187		{}		{}	{}	"[{""flag"": ""yellow"", ""reason"": ""total reads 12,417,810 < 20,000,000"", ""rule"": ""total_reads < yellow_read_threshold"", ""threshold"": 20000000, ""value"": 12417810}]"
ENCSR660UDB	kidney	green	green	false	false	false	false	green	30299312	15227345	15071967		{}		{}	{}	
ENCSR235BZZ	gastrocnemius medialis	green	green	false	false	false	false	green	28624756	14339443	14285313		{}		{}	{}	
ENCSR216UNW	lower lobe of left lung	green	green	false	false	false	false	green	39568378	19993181	19575197		{}		{}	{}	
ENCSR813CRU	Metastatic Breast Carcinoma in the Brain	green	green	false	false	false	false	green	27133450	13662570	13470880		{}		{}	{}	
ENCSR829KWG	natural killer cell	green	green	false	false	false	false	green	25240131	12691822	12548309		{}		{}	{}	
ENCSR380VKC	heart right ventricle	green	green	false	false	false	false	green	29346245	14796671	14549574		{}		{}	{}	
ENCSR220XSM	K562	green	green	false	false	false	false	green	44101830	22171427	21930403		{}		{}	{}	
ENCSR733DAS	HEK293T	green	green	true	true	false	false	perturbation_treated	67280346	33559859	33720487	crispr;genetically modified	"{""biosample_summary"": [""crispr"", ""genetically modified""]}"	dtag;treated	"{""biosample_summary"": [""dtag"", ""treated""]}"	{}	"[{""fields"": {""biosample_summary"": [""dtag"", ""treated""]}, ""flag"": ""perturb"", ""reason"": ""metadata matched active-treatment keywords: dtag, treated"", ""rule"": ""metadata treatment keyword match""}]"
ENCSR269FMG	liver	green	green	false	false	false	false	green	31465366	15824525	15640841		{}		{}	{}	
ENCSR995FAO	mucosa of descending colon	green	green	false	false	false	false	green	31986919	16105129	15881790		{}		{}	{}	
ENCSR443GRP	endodermal cell	green	green	false	false	false	false	green	34169045	17221162	16947883		{}		{}	{}	
ENCSR881RXX	anterior vena cava	green	green	false	false	false	false	green	20968539	10590010	10378529		{}		{}	{}	
ENCSR944DTY	SEM	green	green	false	false	false	false	green	32445748	16345322	16100426		{}		{}	{}	
ENCSR270EGA	left cardiac atrium	yellow	yellow	false	false	false	false	yellow_low_reads	19301319	9700394	9600925		{}		{}	{}	"[{""flag"": ""yellow"", ""reason"": ""total reads 19,301,319 < 20,000,000"", ""rule"": ""total_reads < yellow_read_threshold"", ""threshold"": 20000000, ""value"": 19301319}]"
ENCSR368ARY	pulmonary artery	yellow	yellow	false	false	false	false	yellow_low_reads	13504588	6845863	6658725		{}		{}	{}	"[{""flag"": ""yellow"", ""reason"": ""total reads 13,504,588 < 20,000,000"", ""rule"": ""total_reads < yellow_read_threshold"", ""threshold"": 20000000, ""value"": 13504588}]"
ENCSR521BLL	psoas muscle	yellow	yellow	false	false	false	false	yellow_low_reads	15335413	7639494	7695919		{}		{}	{}	"[{""flag"": ""yellow"", ""reason"": ""total reads 15,335,413 < 20,000,000"", ""rule"": ""total_reads < yellow_read_threshold"", ""threshold"": 20000000, ""value"": 15335413}]"
ENCSR062QYF	cerebellum	green	green	false	false	false	false	green	47392533	23591993	23800540		{}		{}	{}	
ENCSR526XOQ	NALM6	green	green	false	false	false	false	green	35429854	17752759	17677095		{}		{}	{}	
ENCSR386UFU	peripheral blood mononuclear cell	green	green	false	false	false	false	green	23397558	11792912	11604646		{}		{}	{}	
ENCSR795NHV	peripheral blood mononuclear cell	yellow	yellow	false	false	false	false	yellow_low_reads	10242408	5140752	5101656		{}		{}	{}	"[{""flag"": ""yellow"", ""reason"": ""total reads 10,242,408 < 20,000,000"", ""rule"": ""total_reads < yellow_read_threshold"", ""threshold"": 20000000, ""value"": 10242408}]"
ENCSR255VLW	jejunum	green	green	false	false	false	false	green	30398980	15334201	15064779		{}		{}	{}	
ENCSR087CGY	ovary	green	green	false	false	false	false	green	42478294	21159777	21318517		{}		{}	{}	
ENCSR374RDU	breast	green	green	false	false	false	false	green	20591463	10287080	10304383		{}		{}	{}	
ENCSR219IHS	A549	red	red	false	false	false	false	red_low_reads	9058417	4575957	4482460		{}		{}	{}	"[{""flag"": ""red"", ""reason"": ""total reads 9,058,417 < 10,000,000"", ""rule"": ""total_reads < red_read_threshold"", ""threshold"": 10000000, ""value"": 9058417}]"
ENCSR683YIA	Pfeiffer	green	green	false	false	false	false	green	24923001	12466761	12456240		{}		{}	{}	
ENCSR810UBG	Metastatic Breast Carcinoma in the Ovary	green	green	false	false	false	false	green	26570734	13260645	13310089		{}		{}	{}	
ENCSR959JOB	right ventricle myocardium	green	green	false	false	false	false	green	29199828	14651837	14547991		{}		{}	{}	
ENCSR431OQI	parotid gland	yellow	yellow	false	false	false	false	yellow_low_reads	14416502	7157674	7258828		{}		{}	{}	"[{""flag"": ""yellow"", ""reason"": ""total reads 14,416,502 < 20,000,000"", ""rule"": ""total_reads < yellow_read_threshold"", ""threshold"": 20000000, ""value"": 14416502}]"
ENCSR353JON	spinal cord	red	red	false	false	false	false	red_low_reads	227292	112859	114433		{}		{}	{}	"[{""flag"": ""red"", ""reason"": ""total reads 227,292 < 10,000,000"", ""rule"": ""total_reads < red_read_threshold"", ""threshold"": 10000000, ""value"": 227292}]"
ENCSR374OGG	pancreas	green	green	false	false	false	false	green	31894900	16096336	15798564		{}		{}	{}	
ENCSR528FMA	helper T cell	green	green	false	false	false	false	green	52291759	26238050	26053709		{}		{}	{}	
ENCSR500IHG	breast	green	green	false	false	false	false	green	22204778	11208000	10996778		{}		{}	{}	
ENCSR098LLB	endothelial cell of umbilical vein	green	green	false	false	false	false	green	31274219	15692384	15581835		{}		{}	{}	
ENCSR046BCI	A673	green	green	false	false	false	false	green	36236213	18257871	17978342		{}		{}	{}	
ENCSR935RNW	Calu3	green	green	false	false	false	false	green	46070069	23221800	22848269		{}		{}	{}	
ENCSR799DGV	MCF 10A	green	green	false	false	false	false	green	92403721	46145728	46257993		{}		{}	{}	
ENCSR261KBX	K562	yellow	yellow	false	false	false	false	yellow_low_reads	19110698	9605200	9505498		{}		{}	{}	"[{""flag"": ""yellow"", ""reason"": ""total reads 19,110,698 < 20,000,000"", ""rule"": ""total_reads < yellow_read_threshold"", ""threshold"": 20000000, ""value"": 19110698}]"
ENCSR100LIJ	Caco-2	green	green	false	false	false	false	green	42563066	21378407	21184659		{}		{}	{}	
