fwd	rev	xform	assay	target	experiment	biosample	biosample_summary	library_construction
data/processed/bigwigs/ENCSR124RWD_right_ventricle_myocardium_pl.bigWig	data/processed/bigwigs/ENCSR124RWD_right_ventricle_myocardium_mn.bigWig	lambda x: np.arcsinh(np.abs(np.nan_to_num(x)))	PRO-cap	ENCSR124RWD-right_ventricle_myocardium	ENCSR124RWD	right ventricle myocardium	Homo sapiens right ventricle myocardium tissue male adult (37 years)	capped RNA enrichment
data/processed/bigwigs/ENCSR178XKL_WTC11_pl.bigWig	data/processed/bigwigs/ENCSR178XKL_WTC11_mn.bigWig	lambda x: np.arcsinh(np.abs(np.nan_to_num(x)))	PRO-cap	ENCSR178XKL-WTC11	ENCSR178XKL	WTC11	Homo sapiens WTC11	capped RNA enrichment
data/processed/bigwigs/ENCSR720EXP_Metastatic_Liver_Carcinoma_in_the_Lung_pl.bigWig	data/processed/bigwigs/ENCSR720EXP_Metastatic_Liver_Carcinoma_in_the_Lung_mn.bigWig	lambda x: np.arcsinh(np.abs(np.nan_to_num(x)))	PRO-cap	ENCSR720EXP-Metastatic_Liver_Carcinoma_in_the_Lung	ENCSR720EXP	Metastatic Liver Carcinoma in the Lung	Homo sapiens Metastatic Liver Carcinoma in the Lung tissue female adult (62 years)	capped RNA enrichment
data/processed/bigwigs/ENCSR753TEA_liver_pl.bigWig	data/processed/bigwigs/ENCSR753TEA_liver_mn.bigWig	lambda x: np.arcsinh(np.abs(np.nan_to_num(x)))	PRO-cap	ENCSR753TEA-liver	ENCSR753TEA	liver	Homo sapiens liver tissue	capped RNA enrichment
data/processed/bigwigs/ENCSR961UBB_heart_left_ventricle_pl.bigWig	data/processed/bigwigs/ENCSR961UBB_heart_left_ventricle_mn.bigWig	lambda x: np.arcsinh(np.abs(np.nan_to_num(x)))	PRO-cap	ENCSR961UBB-heart_left_ventricle	ENCSR961UBB	heart left ventricle	Homo sapiens heart left ventricle tissue female adult (59 years)	capped RNA enrichment
data/processed/bigwigs/ENCSR796JNK_LUHMES_pl.bigWig	data/processed/bigwigs/ENCSR796JNK_LUHMES_mn.bigWig	lambda x: np.arcsinh(np.abs(np.nan_to_num(x)))	PRO-cap	ENCSR796JNK-LUHMES	ENCSR796JNK	LUHMES	Homo sapiens LUHMES	capped RNA enrichment
data/processed/bigwigs/ENCSR784YIV_colonic_mucosa_pl.bigWig	data/processed/bigwigs/ENCSR784YIV_colonic_mucosa_mn.bigWig	lambda x: np.arcsinh(np.abs(np.nan_to_num(x)))	PRO-cap	ENCSR784YIV-colonic_mucosa	ENCSR784YIV	colonic mucosa	Homo sapiens colonic mucosa tissue female adult (41 years)	capped RNA enrichment
data/processed/bigwigs/ENCSR478DAN_upper_lobe_of_left_lung_pl.bigWig	data/processed/bigwigs/ENCSR478DAN_upper_lobe_of_left_lung_mn.bigWig	lambda x: np.arcsinh(np.abs(np.nan_to_num(x)))	PRO-cap	ENCSR478DAN-upper_lobe_of_left_lung	ENCSR478DAN	upper lobe of left lung	Homo sapiens upper lobe of left lung tissue female adult (61 years)	capped RNA enrichment
data/processed/bigwigs/ENCSR666GXV_Colon_Carcinoma_Metastatic_in_the_Lung_pl.bigWig	data/processed/bigwigs/ENCSR666GXV_Colon_Carcinoma_Metastatic_in_the_Lung_mn.bigWig	lambda x: np.arcsinh(np.abs(np.nan_to_num(x)))	PRO-cap	ENCSR666GXV-Colon_Carcinoma_Metastatic_in_the_Lung	ENCSR666GXV	Colon Carcinoma Metastatic in the Lung	Homo sapiens Colon Carcinoma Metastatic in the Lung tissue female adult (73 years)	capped RNA enrichment
data/processed/bigwigs/ENCSR520PUD_HEK293_pl.bigWig	data/processed/bigwigs/ENCSR520PUD_HEK293_mn.bigWig	lambda x: np.arcsinh(np.abs(np.nan_to_num(x)))	PRO-cap	ENCSR520PUD-HEK293	ENCSR520PUD	HEK293	Homo sapiens HEK293	capped RNA enrichment
data/processed/bigwigs/ENCSR417NJC_spleen_pl.bigWig	data/processed/bigwigs/ENCSR417NJC_spleen_mn.bigWig	lambda x: np.arcsinh(np.abs(np.nan_to_num(x)))	PRO-cap	ENCSR417NJC-spleen	ENCSR417NJC	spleen	Homo sapiens spleen tissue female adult (53 years)	capped RNA enrichment
data/processed/bigwigs/ENCSR215OJB_GM23338_pl.bigWig	data/processed/bigwigs/ENCSR215OJB_GM23338_mn.bigWig	lambda x: np.arcsinh(np.abs(np.nan_to_num(x)))	PRO-cap	ENCSR215OJB-GM23338	ENCSR215OJB	GM23338	Homo sapiens GM23338	capped RNA enrichment
data/processed/bigwigs/ENCSR053UMZ_cerebellum_pl.bigWig	data/processed/bigwigs/ENCSR053UMZ_cerebellum_mn.bigWig	lambda x: np.arcsinh(np.abs(np.nan_to_num(x)))	PRO-cap	ENCSR053UMZ-cerebellum	ENCSR053UMZ	cerebellum	Homo sapiens cerebellum tissue	capped RNA enrichment
data/processed/bigwigs/ENCSR386RDW_subcutaneous_adipose_tissue_pl.bigWig	data/processed/bigwigs/ENCSR386RDW_subcutaneous_adipose_tissue_mn.bigWig	lambda x: np.arcsinh(np.abs(np.nan_to_num(x)))	PRO-cap	ENCSR386RDW-subcutaneous_adipose_tissue	ENCSR386RDW	subcutaneous adipose tissue	Homo sapiens subcutaneous adipose tissue tissue female adult (53 years)	capped RNA enrichment
data/processed/bigwigs/ENCSR694RPO_right_lobe_of_liver_pl.bigWig	data/processed/bigwigs/ENCSR694RPO_right_lobe_of_liver_mn.bigWig	lambda x: np.arcsinh(np.abs(np.nan_to_num(x)))	PRO-cap	ENCSR694RPO-right_lobe_of_liver	ENCSR694RPO	right lobe of liver	Homo sapiens right lobe of liver tissue female adult (47 years)	capped RNA enrichment
data/processed/bigwigs/ENCSR248SVP_osteocyte_pl.bigWig	data/processed/bigwigs/ENCSR248SVP_osteocyte_mn.bigWig	lambda x: np.arcsinh(np.abs(np.nan_to_num(x)))	PRO-cap	ENCSR248SVP-osteocyte	ENCSR248SVP	osteocyte	Homo sapiens osteocyte	capped RNA enrichment
data/processed/bigwigs/ENCSR992HBP_right_lobe_of_liver_pl.bigWig	data/processed/bigwigs/ENCSR992HBP_right_lobe_of_liver_mn.bigWig	lambda x: np.arcsinh(np.abs(np.nan_to_num(x)))	PRO-cap	ENCSR992HBP-right_lobe_of_liver	ENCSR992HBP	right lobe of liver	Homo sapiens right lobe of liver tissue female adult (53 years)	capped RNA enrichment
data/processed/bigwigs/ENCSR967RHN_lower_lobe_of_left_lung_pl.bigWig	data/processed/bigwigs/ENCSR967RHN_lower_lobe_of_left_lung_mn.bigWig	lambda x: np.arcsinh(np.abs(np.nan_to_num(x)))	PRO-cap	ENCSR967RHN-lower_lobe_of_left_lung	ENCSR967RHN	lower lobe of left lung	Homo sapiens lower lobe of left lung tissue female adult (59 years)	capped RNA enrichment
data/processed/bigwigs/ENCSR757HMG_Peyer_s_patch_pl.bigWig	data/processed/bigwigs/ENCSR757HMG_Peyer_s_patch_mn.bigWig	lambda x: np.arcsinh(np.abs(np.nan_to_num(x)))	PRO-cap	ENCSR757HMG-Peyer's_patch	ENCSR757HMG	Peyer's patch	Homo sapiens Peyer's patch tissue female adult (53 years)	capped RNA enrichment
data/processed/bigwigs/ENCSR983JFU_REH_cell_pl.bigWig	data/processed/bigwigs/ENCSR983JFU_REH_cell_mn.bigWig	lambda x: np.arcsinh(np.abs(np.nan_to_num(x)))	PRO-cap	ENCSR983JFU-REH_cell	ENCSR983JFU	REH cell	Homo sapiens REH cell	capped RNA enrichment
data/processed/bigwigs/ENCSR644TYW_Colon_Carcinoma_Metastatic_in_the_Brain_pl.bigWig	data/processed/bigwigs/ENCSR644TYW_Colon_Carcinoma_Metastatic_in_the_Brain_mn.bigWig	lambda x: np.arcsinh(np.abs(np.nan_to_num(x)))	PRO-cap	ENCSR644TYW-Colon_Carcinoma_Metastatic_in_the_Brain	ENCSR644TYW	Colon Carcinoma Metastatic in the Brain	Homo sapiens Colon Carcinoma Metastatic in the Brain tissue male adult (56 years)	capped RNA enrichment
data/processed/bigwigs/ENCSR542IVL_testis_pl.bigWig	data/processed/bigwigs/ENCSR542IVL_testis_mn.bigWig	lambda x: np.arcsinh(np.abs(np.nan_to_num(x)))	PRO-cap	ENCSR542IVL-testis	ENCSR542IVL	testis	Homo sapiens testis tissue male	capped RNA enrichment
data/processed/bigwigs/ENCSR821MIF_spleen_pl.bigWig	data/processed/bigwigs/ENCSR821MIF_spleen_mn.bigWig	lambda x: np.arcsinh(np.abs(np.nan_to_num(x)))	PRO-cap	ENCSR821MIF-spleen	ENCSR821MIF	spleen	Homo sapiens spleen tissue female adult (59 years)	capped RNA enrichment
data/processed/bigwigs/ENCSR970ACM_adrenal_gland_pl.bigWig	data/processed/bigwigs/ENCSR970ACM_adrenal_gland_mn.bigWig	lambda x: np.arcsinh(np.abs(np.nan_to_num(x)))	PRO-cap	ENCSR970ACM-adrenal_gland	ENCSR970ACM	adrenal gland	Homo sapiens adrenal gland tissue female adult (53 years)	capped RNA enrichment
data/processed/bigwigs/ENCSR484CAZ_cardiac_septum_pl.bigWig	data/processed/bigwigs/ENCSR484CAZ_cardiac_septum_mn.bigWig	lambda x: np.arcsinh(np.abs(np.nan_to_num(x)))	PRO-cap	ENCSR484CAZ-cardiac_septum	ENCSR484CAZ	cardiac septum	Homo sapiens cardiac septum tissue female adult (41 years)	capped RNA enrichment
data/processed/bigwigs/ENCSR074XYR_Colon_Carcinoma_Metastatic_in_the_Brain_pl.bigWig	data/processed/bigwigs/ENCSR074XYR_Colon_Carcinoma_Metastatic_in_the_Brain_mn.bigWig	lambda x: np.arcsinh(np.abs(np.nan_to_num(x)))	PRO-cap	ENCSR074XYR-Colon_Carcinoma_Metastatic_in_the_Brain	ENCSR074XYR	Colon Carcinoma Metastatic in the Brain	Homo sapiens Colon Carcinoma Metastatic in the Brain tissue male adult (50 years)	capped RNA enrichment
data/processed/bigwigs/ENCSR636RVF_skeletal_muscle_tissue_pl.bigWig	data/processed/bigwigs/ENCSR636RVF_skeletal_muscle_tissue_mn.bigWig	lambda x: np.arcsinh(np.abs(np.nan_to_num(x)))	PRO-cap	ENCSR636RVF-skeletal_muscle_tissue	ENCSR636RVF	skeletal muscle tissue	Homo sapiens skeletal muscle tissue tissue female adult (42 years)	capped RNA enrichment
data/processed/bigwigs/ENCSR122BHP_colic_lymph_node_pl.bigWig	data/processed/bigwigs/ENCSR122BHP_colic_lymph_node_mn.bigWig	lambda x: np.arcsinh(np.abs(np.nan_to_num(x)))	PRO-cap	ENCSR122BHP-colic_lymph_node	ENCSR122BHP	colic lymph node	Homo sapiens colic lymph node tissue female adult (50 years)	capped RNA enrichment
data/processed/bigwigs/ENCSR282COG_gallbladder_pl.bigWig	data/processed/bigwigs/ENCSR282COG_gallbladder_mn.bigWig	lambda x: np.arcsinh(np.abs(np.nan_to_num(x)))	PRO-cap	ENCSR282COG-gallbladder	ENCSR282COG	gallbladder	Homo sapiens gallbladder tissue male adult (40 years)	capped RNA enrichment
data/processed/bigwigs/ENCSR618ZHM_ileum_pl.bigWig	data/processed/bigwigs/ENCSR618ZHM_ileum_mn.bigWig	lambda x: np.arcsinh(np.abs(np.nan_to_num(x)))	PRO-cap	ENCSR618ZHM-ileum	ENCSR618ZHM	ileum	Homo sapiens ileum tissue female adult (62 years)	capped RNA enrichment
data/processed/bigwigs/ENCSR940QKZ_ovary_pl.bigWig	data/processed/bigwigs/ENCSR940QKZ_ovary_mn.bigWig	lambda x: np.arcsinh(np.abs(np.nan_to_num(x)))	PRO-cap	ENCSR940QKZ-ovary	ENCSR940QKZ	ovary	Homo sapiens ovary tissue female adult (41 years)	capped RNA enrichment
data/processed/bigwigs/ENCSR093JST_monocyte_pl.bigWig	data/processed/bigwigs/ENCSR093JST_monocyte_mn.bigWig	lambda x: np.arcsinh(np.abs(np.nan_to_num(x)))	PRO-cap	ENCSR093JST-monocyte	ENCSR093JST	monocyte	Homo sapiens monocyte	capped RNA enrichment
data/processed/bigwigs/ENCSR331QXJ_Colon_Carcinoma_Metastatic_in_the_Lung_pl.bigWig	data/processed/bigwigs/ENCSR331QXJ_Colon_Carcinoma_Metastatic_in_the_Lung_mn.bigWig	lambda x: np.arcsinh(np.abs(np.nan_to_num(x)))	PRO-cap	ENCSR331QXJ-Colon_Carcinoma_Metastatic_in_the_Lung	ENCSR331QXJ	Colon Carcinoma Metastatic in the Lung	Homo sapiens Colon Carcinoma Metastatic in the Lung tissue female adult (72 years)	capped RNA enrichment
data/processed/bigwigs/ENCSR575NNF_right_lobe_of_liver_pl.bigWig	data/processed/bigwigs/ENCSR575NNF_right_lobe_of_liver_mn.bigWig	lambda x: np.arcsinh(np.abs(np.nan_to_num(x)))	PRO-cap	ENCSR575NNF-right_lobe_of_liver	ENCSR575NNF	right lobe of liver	Homo sapiens right lobe of liver tissue female adult (41 years)	capped RNA enrichment
data/processed/bigwigs/ENCSR915VCN_cerebral_cortex_pl.bigWig	data/processed/bigwigs/ENCSR915VCN_cerebral_cortex_mn.bigWig	lambda x: np.arcsinh(np.abs(np.nan_to_num(x)))	PRO-cap	ENCSR915VCN-cerebral_cortex	ENCSR915VCN	cerebral cortex	Homo sapiens cerebral cortex tissue female adult (49 years)	capped RNA enrichment
data/processed/bigwigs/ENCSR766KPR_ovary_pl.bigWig	data/processed/bigwigs/ENCSR766KPR_ovary_mn.bigWig	lambda x: np.arcsinh(np.abs(np.nan_to_num(x)))	PRO-cap	ENCSR766KPR-ovary	ENCSR766KPR	ovary	Homo sapiens ovary tissue female adult (61 years)	capped RNA enrichment
data/processed/bigwigs/ENCSR399LAD_uterus_pl.bigWig	data/processed/bigwigs/ENCSR399LAD_uterus_mn.bigWig	lambda x: np.arcsinh(np.abs(np.nan_to_num(x)))	PRO-cap	ENCSR399LAD-uterus	ENCSR399LAD	uterus	Homo sapiens uterus tissue female adult (46 years)	capped RNA enrichment
data/processed/bigwigs/ENCSR756CCD_thyroid_gland_pl.bigWig	data/processed/bigwigs/ENCSR756CCD_thyroid_gland_mn.bigWig	lambda x: np.arcsinh(np.abs(np.nan_to_num(x)))	PRO-cap	ENCSR756CCD-thyroid_gland	ENCSR756CCD	thyroid gland	Homo sapiens thyroid gland tissue male adult (49 years)	capped RNA enrichment
data/processed/bigwigs/ENCSR023NXW_right_common_carotid_artery_plus_branches_pl.bigWig	data/processed/bigwigs/ENCSR023NXW_right_common_carotid_artery_plus_branches_mn.bigWig	lambda x: np.arcsinh(np.abs(np.nan_to_num(x)))	PRO-cap	ENCSR023NXW-right_common_carotid_artery_plus_branches	ENCSR023NXW	right common carotid artery plus branches	Homo sapiens right common carotid artery plus branches tissue	capped RNA enrichment
data/processed/bigwigs/ENCSR266TET_bronchial_lymph_node_pl.bigWig	data/processed/bigwigs/ENCSR266TET_bronchial_lymph_node_mn.bigWig	lambda x: np.arcsinh(np.abs(np.nan_to_num(x)))	PRO-cap	ENCSR266TET-bronchial_lymph_node	ENCSR266TET	bronchial lymph node	Homo sapiens bronchial lymph node tissue female adult (63 years)	capped RNA enrichment
data/processed/bigwigs/ENCSR045XAW_urinary_bladder_pl.bigWig	data/processed/bigwigs/ENCSR045XAW_urinary_bladder_mn.bigWig	lambda x: np.arcsinh(np.abs(np.nan_to_num(x)))	PRO-cap	ENCSR045XAW-urinary_bladder	ENCSR045XAW	urinary bladder	Homo sapiens urinary bladder tissue female adult (67 years)	capped RNA enrichment
data/processed/bigwigs/ENCSR934ZMQ_Metastatic_Breast_Carcinoma_in_the_Ovary_pl.bigWig	data/processed/bigwigs/ENCSR934ZMQ_Metastatic_Breast_Carcinoma_in_the_Ovary_mn.bigWig	lambda x: np.arcsinh(np.abs(np.nan_to_num(x)))	PRO-cap	ENCSR934ZMQ-Metastatic_Breast_Carcinoma_in_the_Ovary	ENCSR934ZMQ	Metastatic Breast Carcinoma in the Ovary	Homo sapiens Metastatic Breast Carcinoma in the Ovary tissue female adult (43 years)	capped RNA enrichment
data/processed/bigwigs/ENCSR118KGX_T-cell_pl.bigWig	data/processed/bigwigs/ENCSR118KGX_T-cell_mn.bigWig	lambda x: np.arcsinh(np.abs(np.nan_to_num(x)))	PRO-cap	ENCSR118KGX-T-cell	ENCSR118KGX	T-cell	Homo sapiens with type 1 diabetes mellitus; T-cell female adult (32 years)	capped RNA enrichment
data/processed/bigwigs/ENCSR296MTV_left_common_carotid_artery_plus_branches_pl.bigWig	data/processed/bigwigs/ENCSR296MTV_left_common_carotid_artery_plus_branches_mn.bigWig	lambda x: np.arcsinh(np.abs(np.nan_to_num(x)))	PRO-cap	ENCSR296MTV-left_common_carotid_artery_plus_branches	ENCSR296MTV	left common carotid artery plus branches	Homo sapiens left common carotid artery plus branches tissue	capped RNA enrichment
data/processed/bigwigs/ENCSR212GWU_breast_pl.bigWig	data/processed/bigwigs/ENCSR212GWU_breast_mn.bigWig	lambda x: np.arcsinh(np.abs(np.nan_to_num(x)))	PRO-cap	ENCSR212GWU-breast	ENCSR212GWU	breast	Homo sapiens breast tissue female adult (39 years)	capped RNA enrichment
data/processed/bigwigs/ENCSR408RHY_adrenal_gland_pl.bigWig	data/processed/bigwigs/ENCSR408RHY_adrenal_gland_mn.bigWig	lambda x: np.arcsinh(np.abs(np.nan_to_num(x)))	PRO-cap	ENCSR408RHY-adrenal_gland	ENCSR408RHY	adrenal gland	Homo sapiens adrenal gland tissue female adult (59 years)	capped RNA enrichment
data/processed/bigwigs/ENCSR594WJV_cytotoxic_T_cell_pl.bigWig	data/processed/bigwigs/ENCSR594WJV_cytotoxic_T_cell_mn.bigWig	lambda x: np.arcsinh(np.abs(np.nan_to_num(x)))	PRO-cap	ENCSR594WJV-cytotoxic_T_cell	ENCSR594WJV	cytotoxic T cell	Homo sapiens cytotoxic T cell	capped RNA enrichment
data/processed/bigwigs/ENCSR797AOQ_spleen_pl.bigWig	data/processed/bigwigs/ENCSR797AOQ_spleen_mn.bigWig	lambda x: np.arcsinh(np.abs(np.nan_to_num(x)))	PRO-cap	ENCSR797AOQ-spleen	ENCSR797AOQ	spleen	Homo sapiens spleen tissue female adult (41 years)	capped RNA enrichment
data/processed/bigwigs/ENCSR675RBN_cerebral_cortex_pl.bigWig	data/processed/bigwigs/ENCSR675RBN_cerebral_cortex_mn.bigWig	lambda x: np.arcsinh(np.abs(np.nan_to_num(x)))	PRO-cap	ENCSR675RBN-cerebral_cortex	ENCSR675RBN	cerebral cortex	Homo sapiens cerebral cortex tissue	capped RNA enrichment
data/processed/bigwigs/ENCSR812JCT_heart_left_ventricle_pl.bigWig	data/processed/bigwigs/ENCSR812JCT_heart_left_ventricle_mn.bigWig	lambda x: np.arcsinh(np.abs(np.nan_to_num(x)))	PRO-cap	ENCSR812JCT-heart_left_ventricle	ENCSR812JCT	heart left ventricle	Homo sapiens heart left ventricle tissue female adult (46 years)	capped RNA enrichment
data/processed/bigwigs/ENCSR740DLY_peripheral_blood_mononuclear_cell_pl.bigWig	data/processed/bigwigs/ENCSR740DLY_peripheral_blood_mononuclear_cell_mn.bigWig	lambda x: np.arcsinh(np.abs(np.nan_to_num(x)))	PRO-cap	ENCSR740DLY-peripheral_blood_mononuclear_cell	ENCSR740DLY	peripheral blood mononuclear cell	Homo sapiens peripheral blood mononuclear cell	capped RNA enrichment
data/processed/bigwigs/ENCSR964OON_sternocleidomastoid_pl.bigWig	data/processed/bigwigs/ENCSR964OON_sternocleidomastoid_mn.bigWig	lambda x: np.arcsinh(np.abs(np.nan_to_num(x)))	PRO-cap	ENCSR964OON-sternocleidomastoid	ENCSR964OON	sternocleidomastoid	Homo sapiens sternocleidomastoid tissue	capped RNA enrichment
data/processed/bigwigs/ENCSR883PPD_right_cardiac_atrium_pl.bigWig	data/processed/bigwigs/ENCSR883PPD_right_cardiac_atrium_mn.bigWig	lambda x: np.arcsinh(np.abs(np.nan_to_num(x)))	PRO-cap	ENCSR883PPD-right_cardiac_atrium	ENCSR883PPD	right cardiac atrium	Homo sapiens right cardiac atrium tissue female adult (46 years)	capped RNA enrichment
data/processed/bigwigs/ENCSR784FKF_vermiform_appendix_pl.bigWig	data/processed/bigwigs/ENCSR784FKF_vermiform_appendix_mn.bigWig	lambda x: np.arcsinh(np.abs(np.nan_to_num(x)))	PRO-cap	ENCSR784FKF-vermiform_appendix	ENCSR784FKF	vermiform appendix	Homo sapiens vermiform appendix tissue male adult (56 years)	capped RNA enrichment
data/processed/bigwigs/ENCSR604EBH_K562_pl.bigWig	data/processed/bigwigs/ENCSR604EBH_K562_mn.bigWig	lambda x: np.arcsinh(np.abs(np.nan_to_num(x)))	PRO-cap	ENCSR604EBH-K562	ENCSR604EBH	K562	Homo sapiens K562	capped RNA enrichment,PCR-free
data/processed/bigwigs/ENCSR124AWE_SUDHL5_pl.bigWig	data/processed/bigwigs/ENCSR124AWE_SUDHL5_mn.bigWig	lambda x: np.arcsinh(np.abs(np.nan_to_num(x)))	PRO-cap	ENCSR124AWE-SUDHL5	ENCSR124AWE	SUDHL5	Homo sapiens SUDHL5	capped RNA enrichment
data/processed/bigwigs/ENCSR548GOG_stomach_pl.bigWig	data/processed/bigwigs/ENCSR548GOG_stomach_mn.bigWig	lambda x: np.arcsinh(np.abs(np.nan_to_num(x)))	PRO-cap	ENCSR548GOG-stomach	ENCSR548GOG	stomach	Homo sapiens stomach tissue female adult (53 years)	capped RNA enrichment
data/processed/bigwigs/ENCSR382HFH_peripheral_blood_mononuclear_cell_pl.bigWig	data/processed/bigwigs/ENCSR382HFH_peripheral_blood_mononuclear_cell_mn.bigWig	lambda x: np.arcsinh(np.abs(np.nan_to_num(x)))	PRO-cap	ENCSR382HFH-peripheral_blood_mononuclear_cell	ENCSR382HFH	peripheral blood mononuclear cell	Homo sapiens peripheral blood mononuclear cell	capped RNA enrichment
data/processed/bigwigs/ENCSR624CVP_peritoneum_pl.bigWig	data/processed/bigwigs/ENCSR624CVP_peritoneum_mn.bigWig	lambda x: np.arcsinh(np.abs(np.nan_to_num(x)))	PRO-cap	ENCSR624CVP-peritoneum	ENCSR624CVP	peritoneum	Homo sapiens peritoneum tissue female adult (53 years)	capped RNA enrichment
data/processed/bigwigs/ENCSR575EOB_Metastatic_Breast_Carcinoma_in_the_Brain_pl.bigWig	data/processed/bigwigs/ENCSR575EOB_Metastatic_Breast_Carcinoma_in_the_Brain_mn.bigWig	lambda x: np.arcsinh(np.abs(np.nan_to_num(x)))	PRO-cap	ENCSR575EOB-Metastatic_Breast_Carcinoma_in_the_Brain	ENCSR575EOB	Metastatic Breast Carcinoma in the Brain	Homo sapiens Metastatic Breast Carcinoma in the Brain tissue female adult (41 years)	capped RNA enrichment
data/processed/bigwigs/ENCSR701MOE_T-cell_pl.bigWig	data/processed/bigwigs/ENCSR701MOE_T-cell_mn.bigWig	lambda x: np.arcsinh(np.abs(np.nan_to_num(x)))	PRO-cap	ENCSR701MOE-T-cell	ENCSR701MOE	T-cell	Homo sapiens with type 1 diabetes mellitus; T-cell female adult (19 years)	capped RNA enrichment
data/processed/bigwigs/ENCSR657PSE_aorta_pl.bigWig	data/processed/bigwigs/ENCSR657PSE_aorta_mn.bigWig	lambda x: np.arcsinh(np.abs(np.nan_to_num(x)))	PRO-cap	ENCSR657PSE-aorta	ENCSR657PSE	aorta	Homo sapiens aorta tissue female adult (41 years)	capped RNA enrichment
data/processed/bigwigs/ENCSR472ETC_fallopian_tube_pl.bigWig	data/processed/bigwigs/ENCSR472ETC_fallopian_tube_mn.bigWig	lambda x: np.arcsinh(np.abs(np.nan_to_num(x)))	PRO-cap	ENCSR472ETC-fallopian_tube	ENCSR472ETC	fallopian tube	Homo sapiens fallopian tube tissue female adult (46 years)	capped RNA enrichment
data/processed/bigwigs/ENCSR077MAX_tibial_nerve_pl.bigWig	data/processed/bigwigs/ENCSR077MAX_tibial_nerve_mn.bigWig	lambda x: np.arcsinh(np.abs(np.nan_to_num(x)))	PRO-cap	ENCSR077MAX-tibial_nerve	ENCSR077MAX	tibial nerve	Homo sapiens tibial nerve tissue male adult (37 years)	capped RNA enrichment
data/processed/bigwigs/ENCSR426RMA_heart_left_ventricle_pl.bigWig	data/processed/bigwigs/ENCSR426RMA_heart_left_ventricle_mn.bigWig	lambda x: np.arcsinh(np.abs(np.nan_to_num(x)))	PRO-cap	ENCSR426RMA-heart_left_ventricle	ENCSR426RMA	heart left ventricle	Homo sapiens heart left ventricle tissue male adult (40 years)	capped RNA enrichment
data/processed/bigwigs/ENCSR489FZB_T-cell_pl.bigWig	data/processed/bigwigs/ENCSR489FZB_T-cell_mn.bigWig	lambda x: np.arcsinh(np.abs(np.nan_to_num(x)))	PRO-cap	ENCSR489FZB-T-cell	ENCSR489FZB	T-cell	Homo sapiens T-cell	capped RNA enrichment
data/processed/bigwigs/ENCSR683FOJ_mesenteric_fat_pad_pl.bigWig	data/processed/bigwigs/ENCSR683FOJ_mesenteric_fat_pad_mn.bigWig	lambda x: np.arcsinh(np.abs(np.nan_to_num(x)))	PRO-cap	ENCSR683FOJ-mesenteric_fat_pad	ENCSR683FOJ	mesenteric fat pad	Homo sapiens mesenteric fat pad tissue female adult (59 years)	capped RNA enrichment
data/processed/bigwigs/ENCSR683YVU_helper_T_cell_pl.bigWig	data/processed/bigwigs/ENCSR683YVU_helper_T_cell_mn.bigWig	lambda x: np.arcsinh(np.abs(np.nan_to_num(x)))	PRO-cap	ENCSR683YVU-helper_T_cell	ENCSR683YVU	helper T cell	Homo sapiens helper T cell	capped RNA enrichment
data/processed/bigwigs/ENCSR574ZMF_ovary_pl.bigWig	data/processed/bigwigs/ENCSR574ZMF_ovary_mn.bigWig	lambda x: np.arcsinh(np.abs(np.nan_to_num(x)))	PRO-cap	ENCSR574ZMF-ovary	ENCSR574ZMF	ovary	Homo sapiens ovary tissue female adult (59 years)	capped RNA enrichment
data/processed/bigwigs/ENCSR245UIS_Karpas-422_pl.bigWig	data/processed/bigwigs/ENCSR245UIS_Karpas-422_mn.bigWig	lambda x: np.arcsinh(np.abs(np.nan_to_num(x)))	PRO-cap	ENCSR245UIS-Karpas-422	ENCSR245UIS	Karpas-422	Homo sapiens Karpas-422	capped RNA enrichment
data/processed/bigwigs/ENCSR836XBB_rectum_pl.bigWig	data/processed/bigwigs/ENCSR836XBB_rectum_mn.bigWig	lambda x: np.arcsinh(np.abs(np.nan_to_num(x)))	PRO-cap	ENCSR836XBB-rectum	ENCSR836XBB	rectum	Homo sapiens rectum tissue	capped RNA enrichment
data/processed/bigwigs/ENCSR526QVD_ureter_pl.bigWig	data/processed/bigwigs/ENCSR526QVD_ureter_mn.bigWig	lambda x: np.arcsinh(np.abs(np.nan_to_num(x)))	PRO-cap	ENCSR526QVD-ureter	ENCSR526QVD	ureter	Homo sapiens ureter tissue female adult (53 years)	capped RNA enrichment
data/processed/bigwigs/ENCSR876AEQ_Metastatic_Liver_Carcinoma_in_the_Adrenal_Gland_pl.bigWig	data/processed/bigwigs/ENCSR876AEQ_Metastatic_Liver_Carcinoma_in_the_Adrenal_Gland_mn.bigWig	lambda x: np.arcsinh(np.abs(np.nan_to_num(x)))	PRO-cap	ENCSR876AEQ-Metastatic_Liver_Carcinoma_in_the_Adrenal_Gland	ENCSR876AEQ	Metastatic Liver Carcinoma in the Adrenal Gland	Homo sapiens Metastatic Liver Carcinoma in the Adrenal Gland tissue female adult (30 years)	capped RNA enrichment
data/processed/bigwigs/ENCSR229XTQ_skeletal_muscle_tissue_pl.bigWig	data/processed/bigwigs/ENCSR229XTQ_skeletal_muscle_tissue_mn.bigWig	lambda x: np.arcsinh(np.abs(np.nan_to_num(x)))	PRO-cap	ENCSR229XTQ-skeletal_muscle_tissue	ENCSR229XTQ	skeletal muscle tissue	Homo sapiens skeletal muscle tissue tissue male adult (59 years)	capped RNA enrichment
data/processed/bigwigs/ENCSR659YNL_left_lung_pl.bigWig	data/processed/bigwigs/ENCSR659YNL_left_lung_mn.bigWig	lambda x: np.arcsinh(np.abs(np.nan_to_num(x)))	PRO-cap	ENCSR659YNL-left_lung	ENCSR659YNL	left lung	Homo sapiens left lung tissue male adult (40 years)	capped RNA enrichment
data/processed/bigwigs/ENCSR282IJP_neutrophil_pl.bigWig	data/processed/bigwigs/ENCSR282IJP_neutrophil_mn.bigWig	lambda x: np.arcsinh(np.abs(np.nan_to_num(x)))	PRO-cap	ENCSR282IJP-neutrophil	ENCSR282IJP	neutrophil	Homo sapiens neutrophil	capped RNA enrichment
data/processed/bigwigs/ENCSR888DKJ_Metastatic_Breast_Carcinoma_in_the_Brain_pl.bigWig	data/processed/bigwigs/ENCSR888DKJ_Metastatic_Breast_Carcinoma_in_the_Brain_mn.bigWig	lambda x: np.arcsinh(np.abs(np.nan_to_num(x)))	PRO-cap	ENCSR888DKJ-Metastatic_Breast_Carcinoma_in_the_Brain	ENCSR888DKJ	Metastatic Breast Carcinoma in the Brain	Homo sapiens Metastatic Breast Carcinoma in the Brain tissue female adult (67 years)	capped RNA enrichment
data/processed/bigwigs/ENCSR754LBG_duodenum_pl.bigWig	data/processed/bigwigs/ENCSR754LBG_duodenum_mn.bigWig	lambda x: np.arcsinh(np.abs(np.nan_to_num(x)))	PRO-cap	ENCSR754LBG-duodenum	ENCSR754LBG	duodenum	Homo sapiens duodenum tissue female adult (70 years)	capped RNA enrichment
data/processed/bigwigs/ENCSR250REI_peripheral_blood_mononuclear_cell_pl.bigWig	data/processed/bigwigs/ENCSR250REI_peripheral_blood_mononuclear_cell_mn.bigWig	lambda x: np.arcsinh(np.abs(np.nan_to_num(x)))	PRO-cap	ENCSR250REI-peripheral_blood_mononuclear_cell	ENCSR250REI	peripheral blood mononuclear cell	Homo sapiens peripheral blood mononuclear cell	capped RNA enrichment
data/processed/bigwigs/ENCSR180NBV_Metastatic_Breast_Carcinoma_in_the_Brain_pl.bigWig	data/processed/bigwigs/ENCSR180NBV_Metastatic_Breast_Carcinoma_in_the_Brain_mn.bigWig	lambda x: np.arcsinh(np.abs(np.nan_to_num(x)))	PRO-cap	ENCSR180NBV-Metastatic_Breast_Carcinoma_in_the_Brain	ENCSR180NBV	Metastatic Breast Carcinoma in the Brain	Homo sapiens Metastatic Breast Carcinoma in the Brain tissue female adult (71 years)	capped RNA enrichment
data/processed/bigwigs/ENCSR739MOQ_body_of_pancreas_pl.bigWig	data/processed/bigwigs/ENCSR739MOQ_body_of_pancreas_mn.bigWig	lambda x: np.arcsinh(np.abs(np.nan_to_num(x)))	PRO-cap	ENCSR739MOQ-body_of_pancreas	ENCSR739MOQ	body of pancreas	Homo sapiens body of pancreas tissue female adult (53 years)	capped RNA enrichment
data/processed/bigwigs/ENCSR117JKC_trachea_pl.bigWig	data/processed/bigwigs/ENCSR117JKC_trachea_mn.bigWig	lambda x: np.arcsinh(np.abs(np.nan_to_num(x)))	PRO-cap	ENCSR117JKC-trachea	ENCSR117JKC	trachea	Homo sapiens trachea tissue male adult (54 years)	capped RNA enrichment
data/processed/bigwigs/ENCSR008TSD_Metastatic_Breast_Carcinoma_in_the_Brain_pl.bigWig	data/processed/bigwigs/ENCSR008TSD_Metastatic_Breast_Carcinoma_in_the_Brain_mn.bigWig	lambda x: np.arcsinh(np.abs(np.nan_to_num(x)))	PRO-cap	ENCSR008TSD-Metastatic_Breast_Carcinoma_in_the_Brain	ENCSR008TSD	Metastatic Breast Carcinoma in the Brain	Homo sapiens Metastatic Breast Carcinoma in the Brain tissue female adult (42 years)	capped RNA enrichment
data/processed/bigwigs/ENCSR723JIC_peripheral_blood_mononuclear_cell_pl.bigWig	data/processed/bigwigs/ENCSR723JIC_peripheral_blood_mononuclear_cell_mn.bigWig	lambda x: np.arcsinh(np.abs(np.nan_to_num(x)))	PRO-cap	ENCSR723JIC-peripheral_blood_mononuclear_cell	ENCSR723JIC	peripheral blood mononuclear cell	Homo sapiens peripheral blood mononuclear cell	capped RNA enrichment
data/processed/bigwigs/ENCSR980TGS_Metastatic_Breast_Carcinoma_in_the_Brain_pl.bigWig	data/processed/bigwigs/ENCSR980TGS_Metastatic_Breast_Carcinoma_in_the_Brain_mn.bigWig	lambda x: np.arcsinh(np.abs(np.nan_to_num(x)))	PRO-cap	ENCSR980TGS-Metastatic_Breast_Carcinoma_in_the_Brain	ENCSR980TGS	Metastatic Breast Carcinoma in the Brain	Homo sapiens Metastatic Breast Carcinoma in the Brain tissue female adult (51 years)	capped RNA enrichment
data/processed/bigwigs/ENCSR083AMN_B_cell_pl.bigWig	data/processed/bigwigs/ENCSR083AMN_B_cell_mn.bigWig	lambda x: np.arcsinh(np.abs(np.nan_to_num(x)))	PRO-cap	ENCSR083AMN-B_cell	ENCSR083AMN	B cell	Homo sapiens B cell	capped RNA enrichment
data/processed/bigwigs/ENCSR089CQL_T-cell_pl.bigWig	data/processed/bigwigs/ENCSR089CQL_T-cell_mn.bigWig	lambda x: np.arcsinh(np.abs(np.nan_to_num(x)))	PRO-cap	ENCSR089CQL-T-cell	ENCSR089CQL	T-cell	Homo sapiens with type 1 diabetes mellitus; T-cell female adult (29 years)	capped RNA enrichment
data/processed/bigwigs/ENCSR294JPW_left_ventricle_myocardium_pl.bigWig	data/processed/bigwigs/ENCSR294JPW_left_ventricle_myocardium_mn.bigWig	lambda x: np.arcsinh(np.abs(np.nan_to_num(x)))	PRO-cap	ENCSR294JPW-left_ventricle_myocardium	ENCSR294JPW	left ventricle myocardium	Homo sapiens left ventricle myocardium tissue male adult (37 years)	capped RNA enrichment
data/processed/bigwigs/ENCSR321WCE_neural_crest_cell_pl.bigWig	data/processed/bigwigs/ENCSR321WCE_neural_crest_cell_mn.bigWig	lambda x: np.arcsinh(np.abs(np.nan_to_num(x)))	PRO-cap	ENCSR321WCE-neural_crest_cell	ENCSR321WCE	neural crest cell	Homo sapiens neural crest cell	capped RNA enrichment
data/processed/bigwigs/ENCSR357VUN_ovary_pl.bigWig	data/processed/bigwigs/ENCSR357VUN_ovary_mn.bigWig	lambda x: np.arcsinh(np.abs(np.nan_to_num(x)))	PRO-cap	ENCSR357VUN-ovary	ENCSR357VUN	ovary	Homo sapiens ovary tissue female adult (45 years)	capped RNA enrichment
data/processed/bigwigs/ENCSR393PGX_breast_epithelium_pl.bigWig	data/processed/bigwigs/ENCSR393PGX_breast_epithelium_mn.bigWig	lambda x: np.arcsinh(np.abs(np.nan_to_num(x)))	PRO-cap	ENCSR393PGX-breast_epithelium	ENCSR393PGX	breast epithelium	Homo sapiens breast epithelium tissue female adult (53 years)	capped RNA enrichment
data/processed/bigwigs/ENCSR489BCG_pancreas_pl.bigWig	data/processed/bigwigs/ENCSR489BCG_pancreas_mn.bigWig	lambda x: np.arcsinh(np.abs(np.nan_to_num(x)))	PRO-cap	ENCSR489BCG-pancreas	ENCSR489BCG	pancreas	Homo sapiens pancreas organoid	capped RNA enrichment
data/processed/bigwigs/ENCSR243MVI_liver_pl.bigWig	data/processed/bigwigs/ENCSR243MVI_liver_mn.bigWig	lambda x: np.arcsinh(np.abs(np.nan_to_num(x)))	PRO-cap	ENCSR243MVI-liver	ENCSR243MVI	liver	Homo sapiens liver tissue	capped RNA enrichment
data/processed/bigwigs/ENCSR104MSL_pancreas_pl.bigWig	data/processed/bigwigs/ENCSR104MSL_pancreas_mn.bigWig	lambda x: np.arcsinh(np.abs(np.nan_to_num(x)))	PRO-cap	ENCSR104MSL-pancreas	ENCSR104MSL	pancreas	Homo sapiens pancreas organoid	capped RNA enrichment
data/processed/bigwigs/ENCSR928ZWP_lower_leg_skin_pl.bigWig	data/processed/bigwigs/ENCSR928ZWP_lower_leg_skin_mn.bigWig	lambda x: np.arcsinh(np.abs(np.nan_to_num(x)))	PRO-cap	ENCSR928ZWP-lower_leg_skin	ENCSR928ZWP	lower leg skin	Homo sapiens lower leg skin tissue female adult (53 years)	capped RNA enrichment
data/processed/bigwigs/ENCSR331UGM_liver_pl.bigWig	data/processed/bigwigs/ENCSR331UGM_liver_mn.bigWig	lambda x: np.arcsinh(np.abs(np.nan_to_num(x)))	PRO-cap	ENCSR331UGM-liver	ENCSR331UGM	liver	Homo sapiens liver tissue	capped RNA enrichment
data/processed/bigwigs/ENCSR149WMX_Metastatic_Liver_Carcinoma_in_the_Lung_pl.bigWig	data/processed/bigwigs/ENCSR149WMX_Metastatic_Liver_Carcinoma_in_the_Lung_mn.bigWig	lambda x: np.arcsinh(np.abs(np.nan_to_num(x)))	PRO-cap	ENCSR149WMX-Metastatic_Liver_Carcinoma_in_the_Lung	ENCSR149WMX	Metastatic Liver Carcinoma in the Lung	Homo sapiens Metastatic Liver Carcinoma in the Lung tissue female adult (62 years)	capped RNA enrichment
data/processed/bigwigs/ENCSR633OWM_pulmonary_lymph_node_pl.bigWig	data/processed/bigwigs/ENCSR633OWM_pulmonary_lymph_node_mn.bigWig	lambda x: np.arcsinh(np.abs(np.nan_to_num(x)))	PRO-cap	ENCSR633OWM-pulmonary_lymph_node	ENCSR633OWM	pulmonary lymph node	Homo sapiens pulmonary lymph node tissue female adult (58 years)	capped RNA enrichment
data/processed/bigwigs/ENCSR384HWB_ascending_aorta_pl.bigWig	data/processed/bigwigs/ENCSR384HWB_ascending_aorta_mn.bigWig	lambda x: np.arcsinh(np.abs(np.nan_to_num(x)))	PRO-cap	ENCSR384HWB-ascending_aorta	ENCSR384HWB	ascending aorta	Homo sapiens ascending aorta tissue female adult (53 years)	capped RNA enrichment
data/processed/bigwigs/ENCSR347PQY_upper_lobe_of_left_lung_pl.bigWig	data/processed/bigwigs/ENCSR347PQY_upper_lobe_of_left_lung_mn.bigWig	lambda x: np.arcsinh(np.abs(np.nan_to_num(x)))	PRO-cap	ENCSR347PQY-upper_lobe_of_left_lung	ENCSR347PQY	upper lobe of left lung	Homo sapiens upper lobe of left lung tissue female adult (53 years)	capped RNA enrichment
data/processed/bigwigs/ENCSR335ZMZ_OCI-LY7_pl.bigWig	data/processed/bigwigs/ENCSR335ZMZ_OCI-LY7_mn.bigWig	lambda x: np.arcsinh(np.abs(np.nan_to_num(x)))	PRO-cap	ENCSR335ZMZ-OCI-LY7	ENCSR335ZMZ	OCI-LY7	Homo sapiens OCI-LY7	capped RNA enrichment
data/processed/bigwigs/ENCSR657RPS_uterus_pl.bigWig	data/processed/bigwigs/ENCSR657RPS_uterus_mn.bigWig	lambda x: np.arcsinh(np.abs(np.nan_to_num(x)))	PRO-cap	ENCSR657RPS-uterus	ENCSR657RPS	uterus	Homo sapiens uterus tissue female adult (38 years)	capped RNA enrichment
data/processed/bigwigs/ENCSR834OVY_peripheral_blood_mononuclear_cell_pl.bigWig	data/processed/bigwigs/ENCSR834OVY_peripheral_blood_mononuclear_cell_mn.bigWig	lambda x: np.arcsinh(np.abs(np.nan_to_num(x)))	PRO-cap	ENCSR834OVY-peripheral_blood_mononuclear_cell	ENCSR834OVY	peripheral blood mononuclear cell	Homo sapiens peripheral blood mononuclear cell	capped RNA enrichment
data/processed/bigwigs/ENCSR262PWK_type_B_pancreatic_cell_pl.bigWig	data/processed/bigwigs/ENCSR262PWK_type_B_pancreatic_cell_mn.bigWig	lambda x: np.arcsinh(np.abs(np.nan_to_num(x)))	PRO-cap	ENCSR262PWK-type_B_pancreatic_cell	ENCSR262PWK	type B pancreatic cell	Homo sapiens type B pancreatic cell	capped RNA enrichment
data/processed/bigwigs/ENCSR300AAD_Metastatic_Liver_Carcinoma_in_the_Adrenal_Gland_pl.bigWig	data/processed/bigwigs/ENCSR300AAD_Metastatic_Liver_Carcinoma_in_the_Adrenal_Gland_mn.bigWig	lambda x: np.arcsinh(np.abs(np.nan_to_num(x)))	PRO-cap	ENCSR300AAD-Metastatic_Liver_Carcinoma_in_the_Adrenal_Gland	ENCSR300AAD	Metastatic Liver Carcinoma in the Adrenal Gland	Homo sapiens Metastatic Liver Carcinoma in the Adrenal Gland tissue female adult (30 years)	capped RNA enrichment
data/processed/bigwigs/ENCSR687HZX_Metastatic_Breast_Carcinoma_in_the_Brain_pl.bigWig	data/processed/bigwigs/ENCSR687HZX_Metastatic_Breast_Carcinoma_in_the_Brain_mn.bigWig	lambda x: np.arcsinh(np.abs(np.nan_to_num(x)))	PRO-cap	ENCSR687HZX-Metastatic_Breast_Carcinoma_in_the_Brain	ENCSR687HZX	Metastatic Breast Carcinoma in the Brain	Homo sapiens Metastatic Breast Carcinoma in the Brain tissue female adult (59 years)	capped RNA enrichment
data/processed/bigwigs/ENCSR997YHR_lung_pl.bigWig	data/processed/bigwigs/ENCSR997YHR_lung_mn.bigWig	lambda x: np.arcsinh(np.abs(np.nan_to_num(x)))	PRO-cap	ENCSR997YHR-lung	ENCSR997YHR	lung	Homo sapiens lung tissue female adult (53 years)	capped RNA enrichment
data/processed/bigwigs/ENCSR744JVA_pancreas_pl.bigWig	data/processed/bigwigs/ENCSR744JVA_pancreas_mn.bigWig	lambda x: np.arcsinh(np.abs(np.nan_to_num(x)))	PRO-cap	ENCSR744JVA-pancreas	ENCSR744JVA	pancreas	Homo sapiens pancreas organoid	capped RNA enrichment
data/processed/bigwigs/ENCSR338WJS_pancreas_pl.bigWig	data/processed/bigwigs/ENCSR338WJS_pancreas_mn.bigWig	lambda x: np.arcsinh(np.abs(np.nan_to_num(x)))	PRO-cap	ENCSR338WJS-pancreas	ENCSR338WJS	pancreas	Homo sapiens pancreas organoid	capped RNA enrichment
data/processed/bigwigs/ENCSR407CCJ_cerebellum_pl.bigWig	data/processed/bigwigs/ENCSR407CCJ_cerebellum_mn.bigWig	lambda x: np.arcsinh(np.abs(np.nan_to_num(x)))	PRO-cap	ENCSR407CCJ-cerebellum	ENCSR407CCJ	cerebellum	Homo sapiens cerebellum tissue female adult (51 years)	capped RNA enrichment
data/processed/bigwigs/ENCSR155NVW_penis_pl.bigWig	data/processed/bigwigs/ENCSR155NVW_penis_mn.bigWig	lambda x: np.arcsinh(np.abs(np.nan_to_num(x)))	PRO-cap	ENCSR155NVW-penis	ENCSR155NVW	penis	Homo sapiens penis tissue male adult (50 years)	capped RNA enrichment
data/processed/bigwigs/ENCSR305RPP_testis_pl.bigWig	data/processed/bigwigs/ENCSR305RPP_testis_mn.bigWig	lambda x: np.arcsinh(np.abs(np.nan_to_num(x)))	PRO-cap	ENCSR305RPP-testis	ENCSR305RPP	testis	Homo sapiens testis tissue male	capped RNA enrichment
data/processed/bigwigs/ENCSR290MPW_heart_left_ventricle_pl.bigWig	data/processed/bigwigs/ENCSR290MPW_heart_left_ventricle_mn.bigWig	lambda x: np.arcsinh(np.abs(np.nan_to_num(x)))	PRO-cap	ENCSR290MPW-heart_left_ventricle	ENCSR290MPW	heart left ventricle	Homo sapiens heart left ventricle tissue female adult (41 years)	capped RNA enrichment
data/processed/bigwigs/ENCSR219NJB_spleen_pl.bigWig	data/processed/bigwigs/ENCSR219NJB_spleen_mn.bigWig	lambda x: np.arcsinh(np.abs(np.nan_to_num(x)))	PRO-cap	ENCSR219NJB-spleen	ENCSR219NJB	spleen	Homo sapiens spleen tissue female adult (61 years)	capped RNA enrichment
data/processed/bigwigs/ENCSR219QKX_heart_right_ventricle_pl.bigWig	data/processed/bigwigs/ENCSR219QKX_heart_right_ventricle_mn.bigWig	lambda x: np.arcsinh(np.abs(np.nan_to_num(x)))	PRO-cap	ENCSR219QKX-heart_right_ventricle	ENCSR219QKX	heart right ventricle	Homo sapiens heart right ventricle tissue male adult (40 years)	capped RNA enrichment
data/processed/bigwigs/ENCSR656ZDH_heart_left_ventricle_pl.bigWig	data/processed/bigwigs/ENCSR656ZDH_heart_left_ventricle_mn.bigWig	lambda x: np.arcsinh(np.abs(np.nan_to_num(x)))	PRO-cap	ENCSR656ZDH-heart_left_ventricle	ENCSR656ZDH	heart left ventricle	Homo sapiens heart left ventricle tissue female adult (53 years)	capped RNA enrichment
data/processed/bigwigs/ENCSR065NDB_T-cell_pl.bigWig	data/processed/bigwigs/ENCSR065NDB_T-cell_mn.bigWig	lambda x: np.arcsinh(np.abs(np.nan_to_num(x)))	PRO-cap	ENCSR065NDB-T-cell	ENCSR065NDB	T-cell	Homo sapiens with type 1 diabetes mellitus; T-cell female adult (22 years)	capped RNA enrichment
data/processed/bigwigs/ENCSR769SLJ_transverse_colon_pl.bigWig	data/processed/bigwigs/ENCSR769SLJ_transverse_colon_mn.bigWig	lambda x: np.arcsinh(np.abs(np.nan_to_num(x)))	PRO-cap	ENCSR769SLJ-transverse_colon	ENCSR769SLJ	transverse colon	Homo sapiens transverse colon tissue female adult (53 years)	capped RNA enrichment
data/processed/bigwigs/ENCSR069DQH_cytotoxic_T_cell_pl.bigWig	data/processed/bigwigs/ENCSR069DQH_cytotoxic_T_cell_mn.bigWig	lambda x: np.arcsinh(np.abs(np.nan_to_num(x)))	PRO-cap	ENCSR069DQH-cytotoxic_T_cell	ENCSR069DQH	cytotoxic T cell	Homo sapiens cytotoxic T cell	capped RNA enrichment
data/processed/bigwigs/ENCSR617JRP_Metastatic_Breast_Carcinoma_in_the_Ovary_pl.bigWig	data/processed/bigwigs/ENCSR617JRP_Metastatic_Breast_Carcinoma_in_the_Ovary_mn.bigWig	lambda x: np.arcsinh(np.abs(np.nan_to_num(x)))	PRO-cap	ENCSR617JRP-Metastatic_Breast_Carcinoma_in_the_Ovary	ENCSR617JRP	Metastatic Breast Carcinoma in the Ovary	Homo sapiens Metastatic Breast Carcinoma in the Ovary tissue female adult (57 years)	capped RNA enrichment
data/processed/bigwigs/ENCSR100PNA_paraaortic_lymph_node_pl.bigWig	data/processed/bigwigs/ENCSR100PNA_paraaortic_lymph_node_mn.bigWig	lambda x: np.arcsinh(np.abs(np.nan_to_num(x)))	PRO-cap	ENCSR100PNA-paraaortic_lymph_node	ENCSR100PNA	paraaortic lymph node	Homo sapiens paraaortic lymph node tissue female adult (68 years)	capped RNA enrichment
data/processed/bigwigs/ENCSR065QHA_left_lobe_of_liver_pl.bigWig	data/processed/bigwigs/ENCSR065QHA_left_lobe_of_liver_mn.bigWig	lambda x: np.arcsinh(np.abs(np.nan_to_num(x)))	PRO-cap	ENCSR065QHA-left_lobe_of_liver	ENCSR065QHA	left lobe of liver	Homo sapiens left lobe of liver tissue male adult (45 years)	capped RNA enrichment
data/processed/bigwigs/ENCSR233GRN_bronchus_pl.bigWig	data/processed/bigwigs/ENCSR233GRN_bronchus_mn.bigWig	lambda x: np.arcsinh(np.abs(np.nan_to_num(x)))	PRO-cap	ENCSR233GRN-bronchus	ENCSR233GRN	bronchus	Homo sapiens bronchus tissue female adult (68 years)	capped RNA enrichment
data/processed/bigwigs/ENCSR997INZ_right_atrium_auricular_region_pl.bigWig	data/processed/bigwigs/ENCSR997INZ_right_atrium_auricular_region_mn.bigWig	lambda x: np.arcsinh(np.abs(np.nan_to_num(x)))	PRO-cap	ENCSR997INZ-right_atrium_auricular_region	ENCSR997INZ	right atrium auricular region	Homo sapiens right atrium auricular region tissue female adult (53 years)	capped RNA enrichment
data/processed/bigwigs/ENCSR431MXP_thyroid_gland_pl.bigWig	data/processed/bigwigs/ENCSR431MXP_thyroid_gland_mn.bigWig	lambda x: np.arcsinh(np.abs(np.nan_to_num(x)))	PRO-cap	ENCSR431MXP-thyroid_gland	ENCSR431MXP	thyroid gland	Homo sapiens thyroid gland tissue female adult (51 years)	capped RNA enrichment
data/processed/bigwigs/ENCSR255MUU_progenitor_cell_of_endocrine_pancreas_pl.bigWig	data/processed/bigwigs/ENCSR255MUU_progenitor_cell_of_endocrine_pancreas_mn.bigWig	lambda x: np.arcsinh(np.abs(np.nan_to_num(x)))	PRO-cap	ENCSR255MUU-progenitor_cell_of_endocrine_pancreas	ENCSR255MUU	progenitor cell of endocrine pancreas	Homo sapiens progenitor cell of endocrine pancreas	capped RNA enrichment
data/processed/bigwigs/ENCSR673CJC_Metastatic_Lung_Carcinoma_in_the_Adrenal_Gland_pl.bigWig	data/processed/bigwigs/ENCSR673CJC_Metastatic_Lung_Carcinoma_in_the_Adrenal_Gland_mn.bigWig	lambda x: np.arcsinh(np.abs(np.nan_to_num(x)))	PRO-cap	ENCSR673CJC-Metastatic_Lung_Carcinoma_in_the_Adrenal_Gland	ENCSR673CJC	Metastatic Lung Carcinoma in the Adrenal Gland	Homo sapiens Metastatic Lung Carcinoma in the Adrenal Gland tissue female adult (54 years)	capped RNA enrichment
data/processed/bigwigs/ENCSR946MDO_gastroesophageal_sphincter_pl.bigWig	data/processed/bigwigs/ENCSR946MDO_gastroesophageal_sphincter_mn.bigWig	lambda x: np.arcsinh(np.abs(np.nan_to_num(x)))	PRO-cap	ENCSR946MDO-gastroesophageal_sphincter	ENCSR946MDO	gastroesophageal sphincter	Homo sapiens gastroesophageal sphincter tissue male adult (37 years)	capped RNA enrichment
data/processed/bigwigs/ENCSR841GXY_monocyte_pl.bigWig	data/processed/bigwigs/ENCSR841GXY_monocyte_mn.bigWig	lambda x: np.arcsinh(np.abs(np.nan_to_num(x)))	PRO-cap	ENCSR841GXY-monocyte	ENCSR841GXY	monocyte	Homo sapiens monocyte	capped RNA enrichment
data/processed/bigwigs/ENCSR296XBI_T-cell_pl.bigWig	data/processed/bigwigs/ENCSR296XBI_T-cell_mn.bigWig	lambda x: np.arcsinh(np.abs(np.nan_to_num(x)))	PRO-cap	ENCSR296XBI-T-cell	ENCSR296XBI	T-cell	Homo sapiens T-cell	capped RNA enrichment
data/processed/bigwigs/ENCSR072JHG_liver_pl.bigWig	data/processed/bigwigs/ENCSR072JHG_liver_mn.bigWig	lambda x: np.arcsinh(np.abs(np.nan_to_num(x)))	PRO-cap	ENCSR072JHG-liver	ENCSR072JHG	liver	Homo sapiens liver tissue female adult (71 years)	capped RNA enrichment
data/processed/bigwigs/ENCSR883HAT_uterus_pl.bigWig	data/processed/bigwigs/ENCSR883HAT_uterus_mn.bigWig	lambda x: np.arcsinh(np.abs(np.nan_to_num(x)))	PRO-cap	ENCSR883HAT-uterus	ENCSR883HAT	uterus	Homo sapiens uterus tissue female adult (42 years)	capped RNA enrichment
data/processed/bigwigs/ENCSR676YGJ_heart_left_ventricle_pl.bigWig	data/processed/bigwigs/ENCSR676YGJ_heart_left_ventricle_mn.bigWig	lambda x: np.arcsinh(np.abs(np.nan_to_num(x)))	PRO-cap	ENCSR676YGJ-heart_left_ventricle	ENCSR676YGJ	heart left ventricle	Homo sapiens heart left ventricle tissue female adult (53 years)	capped RNA enrichment
data/processed/bigwigs/ENCSR571OAW_mesothelial_cell_of_epicardium_pl.bigWig	data/processed/bigwigs/ENCSR571OAW_mesothelial_cell_of_epicardium_mn.bigWig	lambda x: np.arcsinh(np.abs(np.nan_to_num(x)))	PRO-cap	ENCSR571OAW-mesothelial_cell_of_epicardium	ENCSR571OAW	mesothelial cell of epicardium	Homo sapiens mesothelial cell of epicardium	capped RNA enrichment
data/processed/bigwigs/ENCSR632XIZ_skeletal_muscle_tissue_pl.bigWig	data/processed/bigwigs/ENCSR632XIZ_skeletal_muscle_tissue_mn.bigWig	lambda x: np.arcsinh(np.abs(np.nan_to_num(x)))	PRO-cap	ENCSR632XIZ-skeletal_muscle_tissue	ENCSR632XIZ	skeletal muscle tissue	Homo sapiens skeletal muscle tissue tissue female adult (29 years)	capped RNA enrichment
data/processed/bigwigs/ENCSR179FHG_sigmoid_colon_pl.bigWig	data/processed/bigwigs/ENCSR179FHG_sigmoid_colon_mn.bigWig	lambda x: np.arcsinh(np.abs(np.nan_to_num(x)))	PRO-cap	ENCSR179FHG-sigmoid_colon	ENCSR179FHG	sigmoid colon	Homo sapiens sigmoid colon tissue female adult (53 years)	capped RNA enrichment
data/processed/bigwigs/ENCSR246YHR_esophagus_muscularis_mucosa_pl.bigWig	data/processed/bigwigs/ENCSR246YHR_esophagus_muscularis_mucosa_mn.bigWig	lambda x: np.arcsinh(np.abs(np.nan_to_num(x)))	PRO-cap	ENCSR246YHR-esophagus_muscularis_mucosa	ENCSR246YHR	esophagus muscularis mucosa	Homo sapiens esophagus muscularis mucosa tissue female adult (53 years)	capped RNA enrichment
data/processed/bigwigs/ENCSR353ZXW_SP-49_pl.bigWig	data/processed/bigwigs/ENCSR353ZXW_SP-49_mn.bigWig	lambda x: np.arcsinh(np.abs(np.nan_to_num(x)))	PRO-cap	ENCSR353ZXW-SP-49	ENCSR353ZXW	SP-49	Homo sapiens SP-49	capped RNA enrichment
data/processed/bigwigs/ENCSR845LKT_right_lobe_of_liver_pl.bigWig	data/processed/bigwigs/ENCSR845LKT_right_lobe_of_liver_mn.bigWig	lambda x: np.arcsinh(np.abs(np.nan_to_num(x)))	PRO-cap	ENCSR845LKT-right_lobe_of_liver	ENCSR845LKT	right lobe of liver	Homo sapiens right lobe of liver tissue female child (16 years)	capped RNA enrichment
data/processed/bigwigs/ENCSR794VAJ_sciatic_nerve_pl.bigWig	data/processed/bigwigs/ENCSR794VAJ_sciatic_nerve_mn.bigWig	lambda x: np.arcsinh(np.abs(np.nan_to_num(x)))	PRO-cap	ENCSR794VAJ-sciatic_nerve	ENCSR794VAJ	sciatic nerve	Homo sapiens sciatic nerve tissue female adult (41 years)	capped RNA enrichment
data/processed/bigwigs/ENCSR610POV_Metastatic_Breast_Carcinoma_in_the_Brain_pl.bigWig	data/processed/bigwigs/ENCSR610POV_Metastatic_Breast_Carcinoma_in_the_Brain_mn.bigWig	lambda x: np.arcsinh(np.abs(np.nan_to_num(x)))	PRO-cap	ENCSR610POV-Metastatic_Breast_Carcinoma_in_the_Brain	ENCSR610POV	Metastatic Breast Carcinoma in the Brain	Homo sapiens Metastatic Breast Carcinoma in the Brain tissue female adult (40 years)	capped RNA enrichment
data/processed/bigwigs/ENCSR220OLX_left_colon_pl.bigWig	data/processed/bigwigs/ENCSR220OLX_left_colon_mn.bigWig	lambda x: np.arcsinh(np.abs(np.nan_to_num(x)))	PRO-cap	ENCSR220OLX-left_colon	ENCSR220OLX	left colon	Homo sapiens left colon tissue female adult (46 years)	capped RNA enrichment
data/processed/bigwigs/ENCSR342WAR_neuron_pl.bigWig	data/processed/bigwigs/ENCSR342WAR_neuron_mn.bigWig	lambda x: np.arcsinh(np.abs(np.nan_to_num(x)))	PRO-cap	ENCSR342WAR-neuron	ENCSR342WAR	neuron	Homo sapiens neuron	capped RNA enrichment
data/processed/bigwigs/ENCSR956DBV_suprapubic_skin_pl.bigWig	data/processed/bigwigs/ENCSR956DBV_suprapubic_skin_mn.bigWig	lambda x: np.arcsinh(np.abs(np.nan_to_num(x)))	PRO-cap	ENCSR956DBV-suprapubic_skin	ENCSR956DBV	suprapubic skin	Homo sapiens suprapubic skin tissue female adult (53 years)	capped RNA enrichment
data/processed/bigwigs/ENCSR482XCK_ovary_pl.bigWig	data/processed/bigwigs/ENCSR482XCK_ovary_mn.bigWig	lambda x: np.arcsinh(np.abs(np.nan_to_num(x)))	PRO-cap	ENCSR482XCK-ovary	ENCSR482XCK	ovary	Homo sapiens ovary tissue female adult (53 years)	capped RNA enrichment
data/processed/bigwigs/ENCSR516KII_astrocyte_pl.bigWig	data/processed/bigwigs/ENCSR516KII_astrocyte_mn.bigWig	lambda x: np.arcsinh(np.abs(np.nan_to_num(x)))	PRO-cap	ENCSR516KII-astrocyte	ENCSR516KII	astrocyte	Homo sapiens astrocyte	capped RNA enrichment
data/processed/bigwigs/ENCSR280NVT_vagina_pl.bigWig	data/processed/bigwigs/ENCSR280NVT_vagina_mn.bigWig	lambda x: np.arcsinh(np.abs(np.nan_to_num(x)))	PRO-cap	ENCSR280NVT-vagina	ENCSR280NVT	vagina	Homo sapiens vagina tissue female adult (53 years)	capped RNA enrichment
data/processed/bigwigs/ENCSR245HPE_psoas_muscle_pl.bigWig	data/processed/bigwigs/ENCSR245HPE_psoas_muscle_mn.bigWig	lambda x: np.arcsinh(np.abs(np.nan_to_num(x)))	PRO-cap	ENCSR245HPE-psoas_muscle	ENCSR245HPE	psoas muscle	Homo sapiens psoas muscle tissue female adult (41 years)	capped RNA enrichment
data/processed/bigwigs/ENCSR889QVM_ovary_pl.bigWig	data/processed/bigwigs/ENCSR889QVM_ovary_mn.bigWig	lambda x: np.arcsinh(np.abs(np.nan_to_num(x)))	PRO-cap	ENCSR889QVM-ovary	ENCSR889QVM	ovary	Homo sapiens ovary tissue female adult (53 years)	capped RNA enrichment
data/processed/bigwigs/ENCSR712UDA_peripheral_blood_mononuclear_cell_pl.bigWig	data/processed/bigwigs/ENCSR712UDA_peripheral_blood_mononuclear_cell_mn.bigWig	lambda x: np.arcsinh(np.abs(np.nan_to_num(x)))	PRO-cap	ENCSR712UDA-peripheral_blood_mononuclear_cell	ENCSR712UDA	peripheral blood mononuclear cell	Homo sapiens peripheral blood mononuclear cell	capped RNA enrichment
data/processed/bigwigs/ENCSR926PFT_omental_fat_pad_pl.bigWig	data/processed/bigwigs/ENCSR926PFT_omental_fat_pad_mn.bigWig	lambda x: np.arcsinh(np.abs(np.nan_to_num(x)))	PRO-cap	ENCSR926PFT-omental_fat_pad	ENCSR926PFT	omental fat pad	Homo sapiens omental fat pad tissue female adult (53 years)	capped RNA enrichment
data/processed/bigwigs/ENCSR679CMZ_testis_pl.bigWig	data/processed/bigwigs/ENCSR679CMZ_testis_mn.bigWig	lambda x: np.arcsinh(np.abs(np.nan_to_num(x)))	PRO-cap	ENCSR679CMZ-testis	ENCSR679CMZ	testis	Homo sapiens testis tissue male adult (54 years)	capped RNA enrichment
data/processed/bigwigs/ENCSR642TRG_tibial_artery_pl.bigWig	data/processed/bigwigs/ENCSR642TRG_tibial_artery_mn.bigWig	lambda x: np.arcsinh(np.abs(np.nan_to_num(x)))	PRO-cap	ENCSR642TRG-tibial_artery	ENCSR642TRG	tibial artery	Homo sapiens tibial artery tissue female adult (53 years)	capped RNA enrichment
data/processed/bigwigs/ENCSR723NVI_T-cell_pl.bigWig	data/processed/bigwigs/ENCSR723NVI_T-cell_mn.bigWig	lambda x: np.arcsinh(np.abs(np.nan_to_num(x)))	PRO-cap	ENCSR723NVI-T-cell	ENCSR723NVI	T-cell	Homo sapiens with type 1 diabetes mellitus; T-cell female adult (48 years)	capped RNA enrichment
data/processed/bigwigs/ENCSR175VMO_Metastatic_Pancreatic_Carcinoma_in_the_Ovary_pl.bigWig	data/processed/bigwigs/ENCSR175VMO_Metastatic_Pancreatic_Carcinoma_in_the_Ovary_mn.bigWig	lambda x: np.arcsinh(np.abs(np.nan_to_num(x)))	PRO-cap	ENCSR175VMO-Metastatic_Pancreatic_Carcinoma_in_the_Ovary	ENCSR175VMO	Metastatic Pancreatic Carcinoma in the Ovary	Homo sapiens Metastatic Pancreatic Carcinoma in the Ovary tissue female adult (52 years)	capped RNA enrichment
data/processed/bigwigs/ENCSR516YGD_adrenal_gland_pl.bigWig	data/processed/bigwigs/ENCSR516YGD_adrenal_gland_mn.bigWig	lambda x: np.arcsinh(np.abs(np.nan_to_num(x)))	PRO-cap	ENCSR516YGD-adrenal_gland	ENCSR516YGD	adrenal gland	Homo sapiens adrenal gland tissue female adult (41 years)	capped RNA enrichment
data/processed/bigwigs/ENCSR015HKC_uterus_pl.bigWig	data/processed/bigwigs/ENCSR015HKC_uterus_mn.bigWig	lambda x: np.arcsinh(np.abs(np.nan_to_num(x)))	PRO-cap	ENCSR015HKC-uterus	ENCSR015HKC	uterus	Homo sapiens uterus tissue female adult (53 years)	capped RNA enrichment
data/processed/bigwigs/ENCSR359PWL_H9_pl.bigWig	data/processed/bigwigs/ENCSR359PWL_H9_mn.bigWig	lambda x: np.arcsinh(np.abs(np.nan_to_num(x)))	PRO-cap	ENCSR359PWL-H9	ENCSR359PWL	H9	Homo sapiens H9	capped RNA enrichment
data/processed/bigwigs/ENCSR845TMF_prostate_gland_pl.bigWig	data/processed/bigwigs/ENCSR845TMF_prostate_gland_mn.bigWig	lambda x: np.arcsinh(np.abs(np.nan_to_num(x)))	PRO-cap	ENCSR845TMF-prostate_gland	ENCSR845TMF	prostate gland	Homo sapiens prostate gland tissue male adult (54 years)	capped RNA enrichment
data/processed/bigwigs/ENCSR222JNI_endothelial_cell_pl.bigWig	data/processed/bigwigs/ENCSR222JNI_endothelial_cell_mn.bigWig	lambda x: np.arcsinh(np.abs(np.nan_to_num(x)))	PRO-cap	ENCSR222JNI-endothelial_cell	ENCSR222JNI	endothelial cell	Homo sapiens endothelial cell	capped RNA enrichment
data/processed/bigwigs/ENCSR216FUJ_Metastatic_Breast_Carcinoma_in_the_Brain_pl.bigWig	data/processed/bigwigs/ENCSR216FUJ_Metastatic_Breast_Carcinoma_in_the_Brain_mn.bigWig	lambda x: np.arcsinh(np.abs(np.nan_to_num(x)))	PRO-cap	ENCSR216FUJ-Metastatic_Breast_Carcinoma_in_the_Brain	ENCSR216FUJ	Metastatic Breast Carcinoma in the Brain	Homo sapiens Metastatic Breast Carcinoma in the Brain tissue female adult (79 years)	capped RNA enrichment
data/processed/bigwigs/ENCSR889PCF_bile_duct_pl.bigWig	data/processed/bigwigs/ENCSR889PCF_bile_duct_mn.bigWig	lambda x: np.arcsinh(np.abs(np.nan_to_num(x)))	PRO-cap	ENCSR889PCF-bile_duct	ENCSR889PCF	bile duct	Homo sapiens bile duct tissue female adult (41 years)	capped RNA enrichment
data/processed/bigwigs/ENCSR153AON_esophagus_squamous_epithelium_pl.bigWig	data/processed/bigwigs/ENCSR153AON_esophagus_squamous_epithelium_mn.bigWig	lambda x: np.arcsinh(np.abs(np.nan_to_num(x)))	PRO-cap	ENCSR153AON-esophagus_squamous_epithelium	ENCSR153AON	esophagus squamous epithelium	Homo sapiens esophagus squamous epithelium tissue female adult (53 years)	capped RNA enrichment
data/processed/bigwigs/ENCSR436JXW_Metastatic_Breast_Carcinoma_in_the_Brain_pl.bigWig	data/processed/bigwigs/ENCSR436JXW_Metastatic_Breast_Carcinoma_in_the_Brain_mn.bigWig	lambda x: np.arcsinh(np.abs(np.nan_to_num(x)))	PRO-cap	ENCSR436JXW-Metastatic_Breast_Carcinoma_in_the_Brain	ENCSR436JXW	Metastatic Breast Carcinoma in the Brain	Homo sapiens Metastatic Breast Carcinoma in the Brain tissue female adult (72 years)	capped RNA enrichment
data/processed/bigwigs/ENCSR660UDB_kidney_pl.bigWig	data/processed/bigwigs/ENCSR660UDB_kidney_mn.bigWig	lambda x: np.arcsinh(np.abs(np.nan_to_num(x)))	PRO-cap	ENCSR660UDB-kidney	ENCSR660UDB	kidney	Homo sapiens kidney tissue female adult (53 years)	capped RNA enrichment
data/processed/bigwigs/ENCSR235BZZ_gastrocnemius_medialis_pl.bigWig	data/processed/bigwigs/ENCSR235BZZ_gastrocnemius_medialis_mn.bigWig	lambda x: np.arcsinh(np.abs(np.nan_to_num(x)))	PRO-cap	ENCSR235BZZ-gastrocnemius_medialis	ENCSR235BZZ	gastrocnemius medialis	Homo sapiens gastrocnemius medialis tissue female adult (53 years)	capped RNA enrichment
data/processed/bigwigs/ENCSR216UNW_lower_lobe_of_left_lung_pl.bigWig	data/processed/bigwigs/ENCSR216UNW_lower_lobe_of_left_lung_mn.bigWig	lambda x: np.arcsinh(np.abs(np.nan_to_num(x)))	PRO-cap	ENCSR216UNW-lower_lobe_of_left_lung	ENCSR216UNW	lower lobe of left lung	Homo sapiens lower lobe of left lung tissue male adult (37 years)	capped RNA enrichment
data/processed/bigwigs/ENCSR813CRU_Metastatic_Breast_Carcinoma_in_the_Brain_pl.bigWig	data/processed/bigwigs/ENCSR813CRU_Metastatic_Breast_Carcinoma_in_the_Brain_mn.bigWig	lambda x: np.arcsinh(np.abs(np.nan_to_num(x)))	PRO-cap	ENCSR813CRU-Metastatic_Breast_Carcinoma_in_the_Brain	ENCSR813CRU	Metastatic Breast Carcinoma in the Brain	Homo sapiens Metastatic Breast Carcinoma in the Brain tissue female adult (71 years)	capped RNA enrichment
data/processed/bigwigs/ENCSR829KWG_natural_killer_cell_pl.bigWig	data/processed/bigwigs/ENCSR829KWG_natural_killer_cell_mn.bigWig	lambda x: np.arcsinh(np.abs(np.nan_to_num(x)))	PRO-cap	ENCSR829KWG-natural_killer_cell	ENCSR829KWG	natural killer cell	Homo sapiens natural killer cell	capped RNA enrichment
data/processed/bigwigs/ENCSR380VKC_heart_right_ventricle_pl.bigWig	data/processed/bigwigs/ENCSR380VKC_heart_right_ventricle_mn.bigWig	lambda x: np.arcsinh(np.abs(np.nan_to_num(x)))	PRO-cap	ENCSR380VKC-heart_right_ventricle	ENCSR380VKC	heart right ventricle	Homo sapiens heart right ventricle tissue female adult (41 years)	capped RNA enrichment
data/processed/bigwigs/ENCSR220XSM_K562_pl.bigWig	data/processed/bigwigs/ENCSR220XSM_K562_mn.bigWig	lambda x: np.arcsinh(np.abs(np.nan_to_num(x)))	PRO-cap	ENCSR220XSM-K562	ENCSR220XSM	K562	Homo sapiens K562	capped RNA enrichment
data/processed/bigwigs/ENCSR269FMG_liver_pl.bigWig	data/processed/bigwigs/ENCSR269FMG_liver_mn.bigWig	lambda x: np.arcsinh(np.abs(np.nan_to_num(x)))	PRO-cap	ENCSR269FMG-liver	ENCSR269FMG	liver	Homo sapiens liver tissue female adult (53 years)	capped RNA enrichment
data/processed/bigwigs/ENCSR995FAO_mucosa_of_descending_colon_pl.bigWig	data/processed/bigwigs/ENCSR995FAO_mucosa_of_descending_colon_mn.bigWig	lambda x: np.arcsinh(np.abs(np.nan_to_num(x)))	PRO-cap	ENCSR995FAO-mucosa_of_descending_colon	ENCSR995FAO	mucosa of descending colon	Homo sapiens mucosa of descending colon tissue female adult (61 years)	capped RNA enrichment
data/processed/bigwigs/ENCSR443GRP_endodermal_cell_pl.bigWig	data/processed/bigwigs/ENCSR443GRP_endodermal_cell_mn.bigWig	lambda x: np.arcsinh(np.abs(np.nan_to_num(x)))	PRO-cap	ENCSR443GRP-endodermal_cell	ENCSR443GRP	endodermal cell	Homo sapiens endodermal cell	capped RNA enrichment
data/processed/bigwigs/ENCSR881RXX_anterior_vena_cava_pl.bigWig	data/processed/bigwigs/ENCSR881RXX_anterior_vena_cava_mn.bigWig	lambda x: np.arcsinh(np.abs(np.nan_to_num(x)))	PRO-cap	ENCSR881RXX-anterior_vena_cava	ENCSR881RXX	anterior vena cava	Homo sapiens anterior vena cava tissue male adult (62 years)	capped RNA enrichment
data/processed/bigwigs/ENCSR944DTY_SEM_pl.bigWig	data/processed/bigwigs/ENCSR944DTY_SEM_mn.bigWig	lambda x: np.arcsinh(np.abs(np.nan_to_num(x)))	PRO-cap	ENCSR944DTY-SEM	ENCSR944DTY	SEM	Homo sapiens SEM	capped RNA enrichment
data/processed/bigwigs/ENCSR270EGA_left_cardiac_atrium_pl.bigWig	data/processed/bigwigs/ENCSR270EGA_left_cardiac_atrium_mn.bigWig	lambda x: np.arcsinh(np.abs(np.nan_to_num(x)))	PRO-cap	ENCSR270EGA-left_cardiac_atrium	ENCSR270EGA	left cardiac atrium	Homo sapiens left cardiac atrium tissue male adult (37 years)	capped RNA enrichment
data/processed/bigwigs/ENCSR368ARY_pulmonary_artery_pl.bigWig	data/processed/bigwigs/ENCSR368ARY_pulmonary_artery_mn.bigWig	lambda x: np.arcsinh(np.abs(np.nan_to_num(x)))	PRO-cap	ENCSR368ARY-pulmonary_artery	ENCSR368ARY	pulmonary artery	Homo sapiens pulmonary artery tissue male adult (62 years)	capped RNA enrichment
data/processed/bigwigs/ENCSR521BLL_psoas_muscle_pl.bigWig	data/processed/bigwigs/ENCSR521BLL_psoas_muscle_mn.bigWig	lambda x: np.arcsinh(np.abs(np.nan_to_num(x)))	PRO-cap	ENCSR521BLL-psoas_muscle	ENCSR521BLL	psoas muscle	Homo sapiens psoas muscle tissue female adult (61 years)	capped RNA enrichment
data/processed/bigwigs/ENCSR062QYF_cerebellum_pl.bigWig	data/processed/bigwigs/ENCSR062QYF_cerebellum_mn.bigWig	lambda x: np.arcsinh(np.abs(np.nan_to_num(x)))	PRO-cap	ENCSR062QYF-cerebellum	ENCSR062QYF	cerebellum	Homo sapiens cerebellum tissue female adult (43 years)	capped RNA enrichment
data/processed/bigwigs/ENCSR526XOQ_NALM6_pl.bigWig	data/processed/bigwigs/ENCSR526XOQ_NALM6_mn.bigWig	lambda x: np.arcsinh(np.abs(np.nan_to_num(x)))	PRO-cap	ENCSR526XOQ-NALM6	ENCSR526XOQ	NALM6	Homo sapiens NALM6	capped RNA enrichment
data/processed/bigwigs/ENCSR386UFU_peripheral_blood_mononuclear_cell_pl.bigWig	data/processed/bigwigs/ENCSR386UFU_peripheral_blood_mononuclear_cell_mn.bigWig	lambda x: np.arcsinh(np.abs(np.nan_to_num(x)))	PRO-cap	ENCSR386UFU-peripheral_blood_mononuclear_cell	ENCSR386UFU	peripheral blood mononuclear cell	Homo sapiens peripheral blood mononuclear cell	capped RNA enrichment
data/processed/bigwigs/ENCSR795NHV_peripheral_blood_mononuclear_cell_pl.bigWig	data/processed/bigwigs/ENCSR795NHV_peripheral_blood_mononuclear_cell_mn.bigWig	lambda x: np.arcsinh(np.abs(np.nan_to_num(x)))	PRO-cap	ENCSR795NHV-peripheral_blood_mononuclear_cell	ENCSR795NHV	peripheral blood mononuclear cell	Homo sapiens peripheral blood mononuclear cell	capped RNA enrichment
data/processed/bigwigs/ENCSR255VLW_jejunum_pl.bigWig	data/processed/bigwigs/ENCSR255VLW_jejunum_mn.bigWig	lambda x: np.arcsinh(np.abs(np.nan_to_num(x)))	PRO-cap	ENCSR255VLW-jejunum	ENCSR255VLW	jejunum	Homo sapiens jejunum tissue female adult (59 years)	capped RNA enrichment
data/processed/bigwigs/ENCSR087CGY_ovary_pl.bigWig	data/processed/bigwigs/ENCSR087CGY_ovary_mn.bigWig	lambda x: np.arcsinh(np.abs(np.nan_to_num(x)))	PRO-cap	ENCSR087CGY-ovary	ENCSR087CGY	ovary	Homo sapiens ovary tissue female adult (53 years)	capped RNA enrichment
data/processed/bigwigs/ENCSR374RDU_breast_pl.bigWig	data/processed/bigwigs/ENCSR374RDU_breast_mn.bigWig	lambda x: np.arcsinh(np.abs(np.nan_to_num(x)))	PRO-cap	ENCSR374RDU-breast	ENCSR374RDU	breast	Homo sapiens breast tissue female adult (52 years)	capped RNA enrichment
data/processed/bigwigs/ENCSR219IHS_A549_pl.bigWig	data/processed/bigwigs/ENCSR219IHS_A549_mn.bigWig	lambda x: np.arcsinh(np.abs(np.nan_to_num(x)))	PRO-cap	ENCSR219IHS-A549	ENCSR219IHS	A549	Homo sapiens A549	capped RNA enrichment
data/processed/bigwigs/ENCSR683YIA_Pfeiffer_pl.bigWig	data/processed/bigwigs/ENCSR683YIA_Pfeiffer_mn.bigWig	lambda x: np.arcsinh(np.abs(np.nan_to_num(x)))	PRO-cap	ENCSR683YIA-Pfeiffer	ENCSR683YIA	Pfeiffer	Homo sapiens Pfeiffer	capped RNA enrichment
data/processed/bigwigs/ENCSR810UBG_Metastatic_Breast_Carcinoma_in_the_Ovary_pl.bigWig	data/processed/bigwigs/ENCSR810UBG_Metastatic_Breast_Carcinoma_in_the_Ovary_mn.bigWig	lambda x: np.arcsinh(np.abs(np.nan_to_num(x)))	PRO-cap	ENCSR810UBG-Metastatic_Breast_Carcinoma_in_the_Ovary	ENCSR810UBG	Metastatic Breast Carcinoma in the Ovary	Homo sapiens Metastatic Breast Carcinoma in the Ovary tissue female adult (48 years)	capped RNA enrichment
data/processed/bigwigs/ENCSR959JOB_right_ventricle_myocardium_pl.bigWig	data/processed/bigwigs/ENCSR959JOB_right_ventricle_myocardium_mn.bigWig	lambda x: np.arcsinh(np.abs(np.nan_to_num(x)))	PRO-cap	ENCSR959JOB-right_ventricle_myocardium	ENCSR959JOB	right ventricle myocardium	Homo sapiens right ventricle myocardium tissue male adult (37 years)	capped RNA enrichment
data/processed/bigwigs/ENCSR431OQI_parotid_gland_pl.bigWig	data/processed/bigwigs/ENCSR431OQI_parotid_gland_mn.bigWig	lambda x: np.arcsinh(np.abs(np.nan_to_num(x)))	PRO-cap	ENCSR431OQI-parotid_gland	ENCSR431OQI	parotid gland	Homo sapiens parotid gland tissue	capped RNA enrichment
data/processed/bigwigs/ENCSR353JON_spinal_cord_pl.bigWig	data/processed/bigwigs/ENCSR353JON_spinal_cord_mn.bigWig	lambda x: np.arcsinh(np.abs(np.nan_to_num(x)))	PRO-cap	ENCSR353JON-spinal_cord	ENCSR353JON	spinal cord	Homo sapiens spinal cord tissue	capped RNA enrichment
data/processed/bigwigs/ENCSR374OGG_pancreas_pl.bigWig	data/processed/bigwigs/ENCSR374OGG_pancreas_mn.bigWig	lambda x: np.arcsinh(np.abs(np.nan_to_num(x)))	PRO-cap	ENCSR374OGG-pancreas	ENCSR374OGG	pancreas	Homo sapiens pancreas organoid	capped RNA enrichment
data/processed/bigwigs/ENCSR528FMA_helper_T_cell_pl.bigWig	data/processed/bigwigs/ENCSR528FMA_helper_T_cell_mn.bigWig	lambda x: np.arcsinh(np.abs(np.nan_to_num(x)))	PRO-cap	ENCSR528FMA-helper_T_cell	ENCSR528FMA	helper T cell	Homo sapiens helper T cell	capped RNA enrichment
data/processed/bigwigs/ENCSR500IHG_breast_pl.bigWig	data/processed/bigwigs/ENCSR500IHG_breast_mn.bigWig	lambda x: np.arcsinh(np.abs(np.nan_to_num(x)))	PRO-cap	ENCSR500IHG-breast	ENCSR500IHG	breast	Homo sapiens breast tissue female adult (55 years)	capped RNA enrichment
data/processed/bigwigs/ENCSR098LLB_endothelial_cell_of_umbilical_vein_pl.bigWig	data/processed/bigwigs/ENCSR098LLB_endothelial_cell_of_umbilical_vein_mn.bigWig	lambda x: np.arcsinh(np.abs(np.nan_to_num(x)))	PRO-cap	ENCSR098LLB-endothelial_cell_of_umbilical_vein	ENCSR098LLB	endothelial cell of umbilical vein	Homo sapiens endothelial cell of umbilical vein male newborn	capped RNA enrichment
data/processed/bigwigs/ENCSR046BCI_A673_pl.bigWig	data/processed/bigwigs/ENCSR046BCI_A673_mn.bigWig	lambda x: np.arcsinh(np.abs(np.nan_to_num(x)))	PRO-cap	ENCSR046BCI-A673	ENCSR046BCI	A673	Homo sapiens A673	capped RNA enrichment
data/processed/bigwigs/ENCSR935RNW_Calu3_pl.bigWig	data/processed/bigwigs/ENCSR935RNW_Calu3_mn.bigWig	lambda x: np.arcsinh(np.abs(np.nan_to_num(x)))	PRO-cap	ENCSR935RNW-Calu3	ENCSR935RNW	Calu3	Homo sapiens Calu3	capped RNA enrichment
data/processed/bigwigs/ENCSR799DGV_MCF_10A_pl.bigWig	data/processed/bigwigs/ENCSR799DGV_MCF_10A_mn.bigWig	lambda x: np.arcsinh(np.abs(np.nan_to_num(x)))	PRO-cap	ENCSR799DGV-MCF_10A	ENCSR799DGV	MCF 10A	Homo sapiens MCF 10A	capped RNA enrichment
data/processed/bigwigs/ENCSR261KBX_K562_pl.bigWig	data/processed/bigwigs/ENCSR261KBX_K562_mn.bigWig	lambda x: np.arcsinh(np.abs(np.nan_to_num(x)))	PRO-cap	ENCSR261KBX-K562	ENCSR261KBX	K562	Homo sapiens K562	capped RNA enrichment
data/processed/bigwigs/ENCSR100LIJ_Caco-2_pl.bigWig	data/processed/bigwigs/ENCSR100LIJ_Caco-2_mn.bigWig	lambda x: np.arcsinh(np.abs(np.nan_to_num(x)))	PRO-cap	ENCSR100LIJ-Caco-2	ENCSR100LIJ	Caco-2	Homo sapiens Caco-2	capped RNA enrichment
